RMS,Standard_Deviation,Peak_to_Peak,Prediction
1.5820836531454332,1.3582711698295007,3.7278,1
2.571477144843018,2.7209581382502006,6.32745,1
1.185191189196916,1.038558898276838,2.62908,1
1.04091604394879,1.1201699895953292,3.06072,1
1.178153363955644,0.9593691828071192,2.44269,1
1.0297541003560025,1.0696529384057245,3.34521,1
1.7953684782656736,1.9660416446835505,5.28759,1
2.1962535748064247,2.284659631356496,5.63094,1
1.308651793851214,1.4333671166278372,3.61008,1
1.716142606836623,1.861664733371721,5.20911,1
2.1135333289068337,2.270125286842116,7.0337700000000005,1
1.2361832676630111,1.2709270526784768,3.21768,1
3.1249508247730877,2.312975967715618,5.33664,1
3.783827340755654,3.1114834412077466,8.77995,-1
1.3547511733894162,1.444512645552125,3.25692,1
1.2992912017134572,1.1669103930765206,3.27654,1
1.8866128903010284,1.2061340810167005,3.26673,1
1.2272698159329103,1.042448100003065,3.09015,1
2.1649042347064684,2.151495748290012,6.582509999999999,1
0.9103324098646604,0.905700867455696,2.50155,1
1.958768213316726,2.128837809979896,5.91543,1
1.2538456719030455,1.3302362411504207,3.14901,1
1.68290352236841,1.7846760098236318,5.2287300000000005,1
2.080745478308195,1.8819320180920456,4.973669999999999,1
1.732925694064809,0.9880850300606724,2.61927,1
1.171703103712711,1.066194018005166,3.01167,1
2.43045925937877,2.5875846998310994,7.249589999999999,1
1.3014743780612816,1.3654225563648787,3.78666,1
1.8143152320228144,1.963180932097192,4.904999999999999,1
1.7909005170863064,1.6730887174444755,4.64013,1
0.9838815429461008,0.7872425676943543,1.99143,1
2.2116564682156223,2.028072875436186,5.69961,1
3.524162000646395,3.843871299635304,9.74133,-1
2.3271041787058007,2.489996892269145,6.61194,1
0.5493016040391654,0.5900044244918846,1.6088399999999998,-1
2.611079131135248,2.7648987998460264,7.93629,1
1.5031404311640346,1.238253624925039,3.31578,1
1.4410630668190758,1.572569824786804,4.29678,1
0.3765472798998819,0.378145492000103,1.0791,-1
1.5240848750479743,1.4631103334164517,4.15944,1
1.09353268778304,1.050920717480629,2.28573,1
1.1266205937448508,1.1793793451939032,2.48193,1
1.398025391132078,0.9400979865684216,2.52117,1
1.794729602391402,1.604943183143877,3.66894,1
2.459275889616698,1.906004151482887,5.4936,1
1.701683933534662,1.7156612118801309,4.59108,1
1.7895073132708903,1.776270200467823,3.94362,1
1.3494961569785962,0.9799006640267166,2.52117,1
0.9454909688886508,1.0323069416941844,2.30535,1
2.365980022062739,1.7088408037263154,4.43412,1
2.0117836222864525,2.175659550012364,5.31702,1
2.789788191718145,3.012519334635049,7.877429999999999,1
2.077875951326257,2.216981865879827,5.92524,1
0.7085985123820118,0.6877012914267356,1.80504,1
1.4848680777766083,1.621182763898013,4.33602,1
1.2962322895993603,1.389990805019947,3.63951,1
1.35023285291834,1.472493744448512,4.16925,1
1.4207124560233857,1.1746794014708863,2.99205,1
2.2222302656228043,2.218911985336508,5.54265,1
5.934310825871021,1.9236348596420267,4.640129999999999,-1
3.322837334229589,3.6301900250303705,11.34036,-1
2.615025971792632,2.611773175861564,7.41636,1
1.3600684382780155,1.236568562045793,3.64932,1
0.8062920898781036,0.6328679299190314,1.6677,1
1.3757104137862737,1.3847421089285905,3.45312,1
2.4714126964349763,2.6451563406044643,6.44517,1
1.4062159661481588,0.8667677669768298,2.38383,1
2.9535948043443603,2.4040765571066998,7.406549999999999,1
1.926751596573881,2.1104043944230213,5.75847,1
1.9225639568425288,1.8330556606688189,5.37588,1
2.2016111305132884,2.4103364974791384,7.32807,1
1.398249094010077,1.3926837481495933,3.28635,1
1.9828499153491168,2.149108085471738,5.54265,1
0.7771394243634793,0.8003421028535236,2.2563,1
5.136177560087852,1.8485720986940164,4.45374,-1
5.135470193000832,2.036174149172904,6.03315,1
1.0307349151454994,1.0658855804822578,2.80566,1
3.2790991951601587,2.8203980320798694,6.337260000000001,1
2.6213297799876307,1.0091132050815703,2.70756,1
1.37579785319283,1.5049543988672878,4.26735,1
2.1529802674316363,2.0314210132983264,6.0822,1
1.9730419658866865,1.7940279172158946,5.02272,1
1.3810108581940983,1.5086076867462928,2.9626200000000003,1
1.097975238655226,1.0198563317055986,2.92338,1
2.651865164389019,2.354519896947146,6.77871,1
2.6438632505105097,1.245038060815813,3.84552,1
2.105066150967708,1.5265370808434366,4.06134,1
1.612783094777472,1.6982202798459334,4.3164,1
1.1599607720953324,1.2604074913931604,3.29616,1
1.512946700052583,1.6554754073437636,3.60027,1
2.31630629461002,2.534547236117332,7.161300000000001,1
1.5976150488149516,1.0541254693061923,3.19806,1
1.5644771556817312,1.6144857980515033,3.84552,1
1.4226134906045282,1.2986219470307747,3.83571,1
2.5107851295162638,2.455344558354285,7.54389,1
2.045492820899159,2.1657116437212967,6.13125,1
0.7273857562875424,0.7667735138031307,2.08953,1
1.9965097405096728,1.8637115352087084,5.11101,1
2.0382227659164247,2.232657725429493,5.25816,1
1.8702270377015728,1.8702133158091887,5.27778,1
0.8596120372005037,0.7552723183594113,1.90314,1
0.7152559734808231,0.7492340001895269,1.99143,1
1.0154574201560596,0.875685608052342,2.07972,1
1.791303492878859,1.3923658464067552,3.68856,1
1.2717420560986414,1.2205272262223403,3.45312,1
2.4536899912988197,2.6593726091317103,7.67142,1
2.5864439096953173,2.507975312892852,6.10182,1
1.4689417261586657,1.42531906862639,3.58065,1
2.00931056482068,1.0762722039521413,2.7468,1
0.9727411854650752,0.688677837424728,1.8639,1
1.6227076414129564,1.3735401357077266,3.77685,1
1.9512613620425123,1.728598830301583,4.97367,1
1.715852851295821,1.7064400302266705,5.1012,1
2.160350440009676,2.276506973876865,6.24897,1
6.558054092754953,3.4573368400374296,8.26002,-1
3.079074437473053,3.104697879388589,9.33912,-1
1.7285886235741574,1.8819430977131053,4.080959999999999,1
2.193169522278203,2.389187184100484,5.46417,1
1.5489810863435356,1.5925440514441038,4.77747,1
1.012839941599856,1.109504783802215,2.86452,1
2.1551917329671624,2.1512750696714726,6.582509999999999,1
1.221893160120802,1.33344449563902,3.39426,1
2.2058689012495734,2.4164056571527888,6.12144,1
1.73527041454639,1.8714744517091328,4.97367,1
1.7983454115380615,1.9364817416025384,5.356260000000001,1
1.999901096229511,2.1783737674329444,5.84676,1
2.1313302116049497,2.3103469886144805,6.288209999999999,1
2.121180468524543,2.2558855249746164,6.24897,1
1.4826736769431097,1.490719801558965,4.1202000000000005,1
1.922801708731298,1.7235660974270757,4.78728,1
1.5051291749713709,1.469926288488644,4.56165,1
2.292638486787657,1.7195524383513283,3.91419,1
5.078351585470427,2.042956936528521,5.07177,1
0.93916768215266,0.9603717774487128,2.76642,1
2.112030196232999,2.26699739767826,5.79771,1
1.4936295494030638,1.6300597413438562,4.13982,1
1.523600697738748,1.62650174728157,4.0221,1
1.0145962167286058,1.0775768887276675,2.89395,1
1.3841894936207253,1.129222902862849,3.0411,1
1.4426148970532642,1.568422358218602,3.93381,1
3.034531810213892,2.8704804289735195,8.20116,1
2.459667177333145,2.6917568648505386,7.47522,1
1.7771043573605914,1.9316460456279247,5.06196,1
2.8397959127109824,3.1019798087592387,7.87743,1
1.526303807257913,1.4697909775576934,4.04172,1
2.1429293272877667,2.25355508467621,6.04296,1
1.1756593668661004,1.2858760998945429,3.20787,1
1.9481764269439248,2.105644384334638,5.75847,1
3.239174752610609,2.419805081751421,5.5132200000000005,1
1.3281474444879982,1.447480930195628,3.94362,1
1.5949372622927838,1.6709370437063151,4.93443,1
1.285272241667111,1.3777236086966065,4.3164,1
1.070818906958595,1.0587167250591634,2.6487,1
2.032868556215576,2.2266877656712447,6.40593,1
2.622531845373856,1.918320354028492,4.87557,1
2.3413177164793333,1.8565503834046624,5.36607,1
0.608905259133143,0.6489940916526128,1.80504,1
1.4018635307154546,1.5346605055939897,3.96324,1
0.8686698222569955,0.9423048423944346,2.58003,1
1.027750647895685,1.0321950664627302,2.8449,1
1.1008419910459448,1.1933318307453298,3.1686300000000003,1
4.570156375284111,1.690621940704071,4.75785,1
0.8396962700881789,0.89607069613954,2.54079,1
1.799419823873795,1.4574339009334178,4.01229,1
1.2821486108092148,1.4006765499429197,3.90438,1
1.8273917454393844,1.9190727093260431,5.02272,1
1.420955162821825,1.347563389585069,3.21768,1
2.433769857422842,2.034497190560852,5.18949,1
1.680371200285818,1.8401191014904443,5.630940000000001,1
1.245129524045591,1.3460628413079383,3.64932,1
2.384179850871154,2.3484956966705304,6.04296,1
2.130743140854852,2.303020861711852,6.3765,1
1.3860017571417431,1.401528256168958,3.00186,1
1.803484302426833,1.484232791997266,4.2183,1
3.2122420206765248,3.4599227026914923,8.50527,-1
1.2389891483786288,0.9260487583491488,2.29554,1
1.1049068222705478,1.2090070488628262,3.38445,1
1.553809241428947,1.699848726984257,4.33602,1
1.0650290102386883,1.0473371506587552,3.01167,1
1.7345308056070956,1.6719647821649832,4.57146,1
1.3399301326188615,1.2750383731637256,3.3059700000000003,1
2.064540856389139,1.7497879692237002,5.44455,1
1.5381483547109491,1.662818632575423,4.32621,1
3.467378233709152,3.182077307678115,8.40717,-1
2.6505614292541875,2.86268787813656,7.92648,1
1.5377364053861766,1.6440040043108166,4.58127,1
2.0675491394281296,2.26444395249474,6.68061,1
2.068867521846191,1.507165313026411,4.28697,1
2.679354472825498,1.486605082471468,4.20849,1
2.1020085492809013,1.580420127292107,3.87495,1
1.073347302507441,1.0494896760997698,2.63889,1
0.9571329659979328,1.0481867557835292,2.42307,1
0.976444120981841,0.992992991213936,2.24649,1
1.6774621923012154,1.836306925227915,5.1012,1
1.0706241676704296,1.1648839740334658,2.63889,1
1.7472543605039308,1.8651284267738777,5.61132,1
2.029196385604409,2.188632032843804,4.84614,1
1.102647200173292,1.0269981503926868,2.86452,1
1.9777350903874864,2.057411395572116,5.51322,1
1.3127268278853756,1.430683485090256,4.00248,1
1.4937852496259294,1.633707184877388,4.208489999999999,1
1.5359778616568664,1.682442170334541,4.43412,1
1.2385489227317588,1.3560812614589144,3.5316,1
0.9600610850878188,1.043758183891269,2.93319,1
1.8643044034974543,1.9750886622326604,5.493600000000001,1
1.6301286180084074,1.7592560492520697,4.74804,1
1.0231364414143405,1.0951829988043094,2.92338,1
3.1098086827247107,1.3798931188718928,4.06134,1
1.3139725081028142,1.3471872186262754,2.97243,1
6.050217589872284,1.440327171332958,4.04172,-1
1.535131791345616,1.1287213944282264,3.18825,1
1.2329092581573065,1.0850661209115322,2.9528100000000004,1
1.689818179716386,1.77881748419561,4.6793700000000005,1
2.1526636261153294,2.213494859203428,6.22935,1
2.1148950941004143,2.310755859719932,6.5727,1
1.0595632606173169,1.037093787673034,2.70756,1
0.7728449745259395,0.7878698397260806,1.7854199999999998,1
2.072364918637642,2.1329355511782344,5.042339999999999,1
1.851588232788273,1.368242401418696,4.04172,1
0.9253435576854686,1.012825689084751,2.47212,1
1.8640677950788165,1.9583218898715296,5.493600000000001,1
1.5784144688579105,1.7169686089384395,4.82652,1
1.53777812679528,1.594742155920511,3.97305,1
1.3188400936808071,1.3494937798893332,3.75723,1
1.1194294693280145,1.2212353384503745,3.32559,1
3.2419588749242334,2.21930734770108,6.24897,1
1.3063516989310344,1.430157593931522,3.61008,1
3.3164474771960437,2.449513325401599,6.867,1
1.228171254915209,1.305307654080064,3.32559,1
1.5974895494024366,1.464306949307419,3.79647,1
5.709856826072787,1.6471542131901311,4.26735,-1
1.0636501264983709,0.8582413867438461,2.32497,1
1.0784606742482548,0.8736739956986244,2.31516,1
1.25776034700574,1.311368667110817,3.61989,1
1.5709891352902476,1.7123213792743464,5.06196,1
0.8388840690166908,0.7081366014195284,1.85409,1
1.5900070273429612,1.5148113969732335,4.03191,1
1.588427533899485,1.7397023870392314,4.68918,1
1.605846361144179,1.2447752276616049,2.92338,1
2.490052932810867,0.8983660710200492,2.14839,1
1.8801277264590297,1.9984842496952533,4.47336,1
1.921145176489793,1.505563895791208,3.88476,1
0.507977423514077,0.5132795995946069,1.28511,-1
1.8221574370646465,1.8422621061808768,5.06196,1
1.6237797352011756,1.6335667848331148,3.59046,1
1.7216200637480965,1.4088699275234744,4.36545,1
1.117220755714823,1.1273165530054103,3.14901,1
0.7060928801510464,0.7387305627899796,2.21706,1
1.5441897702193212,1.567531383733672,4.26735,1
1.127687840118,1.2028902901220877,3.03129,1
1.2835426892978667,1.058087821435442,2.54079,1
1.1739596026908252,1.27738731873696,3.66894,1
1.6248461859665364,1.5371960108554796,3.61989,1
4.944895254199021,2.0031786198439714,5.92524,1
2.264740007958971,2.266729233576432,5.44455,1
1.7426906569296805,1.7195048667770614,4.58127,1
4.371276998704155,3.324884801336732,7.848,-1
2.306772359087476,2.3075607123605653,6.013529999999999,1
1.8875181004165231,2.0201836635217107,5.37588,1
1.5911515576619342,1.2590387540143473,3.4335,1
4.134320499967316,1.2210422576594144,2.68794,-1
1.1293507305748731,1.222208158846111,2.80566,1
1.0750047290593656,0.96604677520294,2.33478,1
1.951129837760676,1.849632944418973,4.9540500000000005,1
2.3944808051955646,2.0306723695638347,5.79771,1
2.576810833889441,2.019742970407373,5.41512,1
1.4446425523118165,1.0211781215782092,2.76642,1
2.8786625538259947,2.424222831020284,6.435359999999999,1
0.7065243454404101,0.7484629274987507,2.2661100000000003,1
2.9699629861329924,3.248298244822972,7.77933,1
1.3669851617336597,1.4639027077507576,3.87495,1
1.5413671462049523,1.6697607503112537,4.28697,1
1.7667353356119868,1.8417492316925237,4.91481,1
2.1927197069849123,2.2881496420470406,5.14044,1
2.677120661447668,1.2732823231279071,3.355020000000001,1
5.153431817138944,2.5643347505737237,5.84676,1
1.7508949266589358,1.917042345729484,5.33664,1
0.5713710964863379,0.580986155497702,1.39302,-1
1.6887215254890309,1.8375826026902848,4.74804,1
1.6023967623843975,1.3535667223303032,3.96324,1
2.083245372885777,2.20940206420425,6.58251,1
1.3904384530068206,1.4292331715294044,3.83571,1
0.9979314616495464,1.0462032705693478,2.3544,1
1.2823362432295204,1.4008826553855251,3.69837,1
1.371758179363258,1.497295472012789,4.64013,1
3.7884872857975913,1.9513509578827688,5.336640000000001,1
1.436961308090792,1.270336290149187,3.08034,1
2.147721711127864,2.3496489375457776,6.24897,1
1.170525264592781,1.2415200003987048,3.63951,1
1.1760003887754458,1.0020936207760232,2.63889,1
1.8104655552232969,1.8761420891046603,4.52241,1
2.372188363663392,2.325023809503894,6.34707,1
1.813497306697752,1.9463890445129413,5.80752,1
0.9252742214878787,0.8798080693367162,2.4034500000000003,1
3.298409790239836,1.6835714960969137,4.414499999999999,1
1.8608598627784956,1.9941649347935089,5.48379,1
1.18970266905223,1.2955503125043042,3.4335,1
1.317075465263855,1.4147593685005233,3.83571,1
1.5810137199594445,1.2590425758170372,3.52179,1
2.147030802922957,2.335725086032173,6.5727,1
4.654406509905424,1.5887526442432756,3.93381,-1
1.6337651086524034,1.7867858704024944,4.00248,1
1.3034262659237768,1.2846081691940152,3.60027,1
1.158660258660838,1.256032497398057,2.69775,1
1.381039893413655,1.479648080970607,3.98286,1
2.771951438048654,2.446808828650085,6.99453,1
1.7217085675427186,1.0652127265433886,2.75661,1
1.6083763508737623,1.6863244475811885,4.76766,1
2.3224851278102943,2.297624028356249,6.66099,1
1.0909922658525129,1.1944119832578706,3.47274,1
3.1808890333442945,1.3352091132515536,3.76704,1
1.2110483739306206,1.1998502948618217,3.31578,1
1.936851944122214,2.035109661268896,5.1993,1
1.4745053310178298,1.5257583122893352,4.06134,1
1.3663572819544674,1.426529395249183,4.208489999999999,1
2.950231440573773,2.283302876604416,5.72904,1
1.659050540550227,1.6511330649587272,3.98286,1
1.2597035731671162,1.354586596667042,3.77685,1
3.428673357473704,3.5863482563005507,9.92772,-1
1.8303209765229704,1.6972339563536905,4.62051,1
0.9478375769086178,0.6963764238111454,1.88352,1
1.4708513070157705,1.606210885329196,3.86514,1
2.8367245288184044,3.04722455537494,8.42679,1
1.6872487048891165,1.8470999584619128,5.27778,1
1.4740864768560902,1.609765901250862,4.7088,1
2.216492017953144,2.3797646013229965,5.95467,1
3.0164513755156075,3.0197940994627435,6.43536,1
1.501042201688547,1.635482253878042,4.35564,1
1.1134746138327538,1.1280973944256762,3.22749,1
1.909076578466668,1.9768233208534345,5.071770000000001,1
2.646022090724112,1.3297912442334698,3.65913,1
1.9392933429344823,1.644320077135227,5.052149999999999,1
1.951425754928944,2.0062797130809056,5.7879000000000005,1
1.9887300169706292,1.8700237718702937,5.32683,1
1.3091603353294814,1.3829339937393974,3.64932,1
1.628085679870688,1.762020922770215,4.6107000000000005,1
1.74257100361793,1.4123504390731076,3.67875,1
3.065730946169281,1.5819690882694264,4.28697,1
0.7839002342135126,0.3151235055022078,0.8828999999999999,-1
1.1193506617454605,1.198369566531961,3.2373000000000003,1
1.7293029490086462,1.7049477080162898,5.05215,1
2.044610482854864,2.030324014003676,5.66037,1
1.77832238962737,1.745438581362862,4.93443,1
1.4499454341112288,1.533986242206885,4.4145,1
1.465728029700599,1.0924085823674217,3.22749,1
2.042624810262521,1.9626375464155368,5.14044,1
1.7548935683111953,1.831573676159384,5.58189,1
1.970153968767416,2.149019270855894,6.28821,1
1.4314702788566729,1.4048168901426263,4.18887,1
1.9850610346410007,2.1038588911497844,5.9252400000000005,1
1.6796217409881309,1.5630093757492307,4.77747,1
0.8995739689152861,0.9673227092909584,2.75661,1
2.083587959698366,1.437210198947948,3.64932,1
2.6864179449780337,2.897263550462747,8.05401,1
1.3326804663909502,1.4300230064862594,4.09077,1
1.837558162712136,1.6848285879786111,4.64013,1
1.3530037448396068,1.2760003423157849,3.29616,1
1.603142304117136,1.735759307862124,5.25816,1
3.3002546888081232,2.4231269264568045,7.01415,1
3.0180913140261345,2.6115146196948618,7.445790000000001,1
1.3520609738099831,1.1516399629571736,2.81547,1
1.835763554627883,1.683650568164309,5.12082,1
1.7431921910391863,1.2029956241815678,3.18825,1
1.887309898042714,2.0510682374679785,5.03253,1
2.2794409833114786,2.355911889566331,6.81795,1
2.1357881776992773,2.289870588727669,5.58189,1
2.02795503289644,2.1859657728038653,4.8167100000000005,1
1.3071740642316922,0.691800940328936,1.95219,1
2.0596133353738995,2.248929751599636,5.89581,1
2.339357634330416,2.547360642947912,6.39612,1
2.427606684185064,1.2175945005296305,3.3354,1
2.13971220029704,2.343838737379345,6.68061,1
1.5869222741363234,1.3448755088222852,3.21768,1
0.8721985617679039,0.8541894726054635,2.11896,1
2.536787726170638,1.7505550332480266,4.96386,1
2.3661088225396565,2.584714405198377,6.70023,1
1.3520016580611136,1.477395988014046,3.34521,1
1.5908440775575714,1.6274077443713977,4.52241,1
1.6601426412209284,1.6474687080609451,4.0221,1
3.869353845127117,2.8216511486787303,7.43598,1
1.0470308176696614,1.0816609384414324,2.50155,1
3.2772179163964674,3.505245838372824,10.78119,-1
1.5173240456968973,1.4848950822027798,4.13982,1
2.0587526308179918,2.0539588179610613,5.21892,1
1.618932384458968,1.4282149419852743,3.3746400000000003,1
0.7982149706689295,0.7378180934349604,1.99143,1
0.6910655875168434,0.7209048556016251,1.82466,1
1.4407680857792484,1.508019628652094,3.66894,1
1.8113335527312464,1.983924657347148,5.62113,1
1.430310111059836,1.3457756410635466,3.25692,1
2.150229520690756,2.354079109382265,5.60151,1
1.4365929151468066,1.561100534350687,4.36545,1
2.040731522959353,2.181781639963083,5.72904,1
2.05369407603713,1.720959402214358,4.62051,1
0.9934128682476384,0.9902173375981658,2.88414,1
3.003694806908651,2.004194444167032,4.89519,1
2.127974955221513,1.494147055744514,3.49236,1
2.362469203513561,2.2260047944759687,5.55246,1
1.407817602106182,1.4746619627833355,3.81609,1
4.624587022924318,2.640196460985432,7.07301,1
1.6939373293159343,1.833633073793664,5.25816,1
5.381590516278622,2.417536454823381,5.71923,-1
2.079743136663756,2.195351462841429,5.885999999999999,1
1.2243715812815976,1.2649157185322666,3.67875,1
1.041886351119929,1.141013072506183,3.20787,1
1.006852063314169,1.0231348737483246,2.63889,1
1.5894521126790828,1.698446939907161,4.98348,1
1.967037508005376,1.3312812176846784,3.18825,1
1.4969226405362437,1.5819660466109884,4.64994,1
0.9799694086551886,1.018137487415133,2.65851,1
1.419769457077451,1.5328325122693605,4.208489999999999,1
0.8536203315877616,0.9348471914275616,2.58003,1
1.7264670997734073,1.8474255621810585,5.081580000000001,1
1.5792018030479829,1.6461139076230416,3.95343,1
2.759107916292873,2.03246928257969,5.34645,1
3.352865602145424,2.2906500545543835,5.91543,1
2.2405955529613104,2.117485716294209,5.84676,1
2.121675690321214,0.7820155604589974,2.1974400000000003,1
1.988746147149002,2.061105668819529,5.1012,1
1.4362355953846848,0.7858640723878398,2.11896,1
1.4321648084805043,1.369827550150018,3.4433100000000003,1
1.747869295227764,1.854475785261161,4.62051,1
1.5169804553454207,1.571274981281125,4.29678,1
1.6532639453063749,1.4457523902625926,4.03191,1
2.775227442652224,2.5536675534356466,5.72904,1
1.8988327159731584,2.0800045630791297,5.26797,1
3.9581840584603936,2.8975187503983477,7.62237,1
1.3891285610590547,1.485996444326163,3.96324,1
4.705470916932757,3.4664048316836857,9.40779,-1
3.111275692268366,3.214769580091239,9.55494,-1
2.1632180752758146,2.3152348208248767,5.32683,1
6.158017342590877,2.601610643664805,6.23916,-1
1.6236611974331343,1.7735519592360411,4.98348,1
2.360105368399894,2.5373175131839525,7.131869999999999,1
1.2186728901760309,1.3241016989453642,3.48255,1
2.997106186857583,2.987692902953716,6.90624,1
1.9891977390395357,2.15232085595991,5.25816,1
1.4393647073622446,1.482368582020005,3.83571,1
1.100062215876902,1.1816388313186057,2.93319,1
1.868476683758724,1.4528131967152556,3.19806,1
3.5971033007894,2.897520964616132,6.2784,1
1.5812419654973744,1.7299390995841444,4.75785,1
0.4905326989100727,0.5304298841128768,1.4420700000000002,-1
1.5558260007468705,1.1307090714414565,3.08034,1
1.2669593794988063,1.1686451151996486,3.2373,1
2.8112169270086578,3.0684116047101635,7.88724,1
1.3187914459458707,1.101344543909852,2.52117,1
2.486994625054505,2.669767664279047,6.994529999999999,1
1.2222212820312042,1.3181576452116794,3.60027,1
1.716796713650163,1.8043858814787923,4.55184,1
0.5699094993944214,0.600160374466692,1.73637,1
1.2644185580534637,1.2788831624155508,3.8259,1
3.065974216109783,2.287572667127757,6.36669,1
1.0929458318004603,0.921167183669718,2.41326,1
1.9807132578947413,2.055466961719404,5.14044,1
2.1590842052361,1.8070328889868053,5.26797,1
2.080036178795936,2.278224746823719,6.857189999999999,1
1.6030772706579055,1.649749190428654,5.05215,1
3.133894540144897,2.1573592976205886,4.787280000000001,1
1.5023559402984366,1.1895354828125135,3.45312,1
1.9604829509970243,2.0445359568738333,4.98348,1
1.2500727146050346,1.3618692235894017,3.84552,1
1.4430373286232063,1.5232079800998943,3.91419,1
1.81565406512364,1.9845284893193145,5.45436,1
1.6639545293366644,1.6504023994044603,4.58127,1
5.002585429420472,2.971006723605653,6.59232,-1
2.237332470622102,2.047614364190679,5.70942,1
3.357579089798184,3.031359314741491,8.23059,1
1.4854782579862955,1.6171738632781576,4.18887,1
2.0079450909325187,2.179892959372088,6.54327,1
1.644489794875602,1.6855100728829835,5.06196,1
1.4914372853224502,1.6048242534900825,4.36545,1
2.599622235700795,2.2550236281134617,5.80752,1
1.90737028558956,1.7972221651398583,5.07177,1
0.8489949055500863,0.7136058598063779,1.81485,1
2.7865868653426182,2.6580767802003016,7.66161,1
1.40879706451994,1.5002523372153098,4.5420300000000005,1
2.6476188626858663,2.855048778867009,8.112870000000001,1
1.6089995042883014,1.648687173868954,4.93443,1
1.6921468025410795,1.8197633732961,5.14044,1
2.1762912539800365,2.24683196742213,5.46417,1
2.415873919733809,2.634034628024089,8.20116,1
1.7400287300645356,1.901859380992717,5.218920000000001,1
1.7866727610421556,1.9336544393944848,5.71923,1
2.082213422742732,2.001292094910186,4.89519,1
1.514361325328272,1.399848387344144,3.0312900000000003,1
0.8842523809128252,0.9351508243647118,2.30535,1
1.533762467626588,1.6775692796543455,4.72842,1
2.303613462985924,2.375749632320292,6.21954,1
1.7724682010828854,1.6087373107471583,4.38507,1
3.001205394312425,2.4738225387343373,6.28821,1
1.4577123058752026,1.5948980417945218,4.50279,1
1.624589511799827,1.7421125633523225,5.01291,1
1.5458819083455242,1.398706713013847,3.98286,1
2.122193470409802,1.9542486858611416,5.48379,1
2.1272060038111023,2.3144899687209706,5.28759,1
0.8657938682215299,0.9330422283851896,2.41326,1
3.4449306442510563,2.0135511909459862,5.5132200000000005,1
1.4344420706671983,1.4996492378686426,4.30659,1
1.7085554424717977,1.8685410640390003,5.42493,1
1.0940459285377373,0.9699852982751852,2.49174,1
1.8024345598384424,1.7792069699503763,4.39488,1
2.300338670250535,2.346413786481404,6.14106,1
1.527438316806934,1.6371290188467127,3.85533,1
1.5319522486030692,1.5581294368312282,4.6107000000000005,1
6.753669070708899,3.1673110954798864,7.347689999999999,-1
1.3800814086313893,1.3561865240850903,3.81609,1
1.655484127121127,1.7126107957589196,4.96386,1
2.1126186709981525,1.3156730303650674,3.54141,1
1.5520379060126075,1.4667967637133648,3.57084,1
3.212896062604578,3.47661749630298,9.56475,-1
1.3386606807178585,1.256640195378136,3.59046,1
1.7334022943910048,1.887837582664356,5.80752,1
1.3973253713970846,1.400430328688293,3.96324,1
1.3424295916732467,1.4371566296684577,3.0999600000000003,1
1.4667070943784242,1.4001542803705598,3.90438,1
2.3019209071447264,2.1970231814503003,6.41574,1
2.7839292444403108,2.3079221246892194,6.12144,1
1.4154133713336186,1.5010058706314242,3.94362,1
2.530387401555343,2.5436461726407624,6.10182,1
4.193842885415475,2.3711191429850165,6.474599999999999,1
1.2185346884270467,1.185996137261838,2.60946,1
0.8460141573283511,0.8979589095276019,2.38383,1
2.700186536056352,2.8302147528765373,7.73028,1
2.2661560060265047,2.060524277738556,5.5917,1
1.651458456834443,1.62754670473999,4.59108,1
2.53862064725118,1.9927464244981092,4.56165,1
2.065274893289027,2.245738059745616,6.29802,1
1.2254518602540043,1.3304134748866607,3.56103,1
0.9830742570630157,0.9183892657038192,2.61927,1
1.887365137645601,2.0267754392828032,4.72842,1
1.9959513206238275,2.1707618598639518,6.327450000000001,1
2.6799021609193123,1.988116973218628,5.67018,1
1.4715490491825274,1.6001360009417949,4.33602,1
1.5522652457296078,0.8508386678095913,1.8639,1
1.9136793225093909,1.8851202577024095,5.454359999999999,1
1.267446684973376,1.388361672429054,2.92338,1
1.7852403206291303,1.6546652365357772,4.60089,1
2.5829533153446658,1.5626778832088202,4.42431,1
1.24860273131609,1.320520986925236,3.15882,1
0.9943408128252608,1.0587061201438293,2.79585,1
1.31832920293074,1.4406701164527569,3.79647,1
0.85128720870221,0.8710042614821124,2.13858,1
1.5841302291636252,1.7123935038156386,4.91481,1
3.2042604692580783,2.5461848228182498,6.66099,1
1.8307503197869448,1.9764037980837823,5.08158,1
1.3768932894926895,1.3204626837400593,3.38445,1
1.7311986551519731,1.8383706177808647,4.30659,1
2.0849038931087445,2.210815054272972,5.85657,1
2.194021358601597,2.3458388347710506,6.51384,1
1.6764292132386622,1.6998742033221164,4.59108,1
2.72338097803998,2.973788951729763,7.445790000000001,1
1.5038658541904593,1.500239507838665,4.50279,1
2.1650412932320715,1.903379335466265,4.63032,1
3.0021271449757085,3.198076049039485,9.0252,-1
1.5843630875055126,1.190737622194747,3.58065,1
2.2175735909547623,2.4268520403106573,6.474600000000001,1
1.5541446896926938,1.6491735300689252,4.35564,1
1.4724697804369364,1.5811902327297624,3.97305,1
3.384876494866541,3.252595212946118,8.59356,-1
2.361617001272645,2.139530788645025,6.11163,1
1.459438769733078,1.47968710437038,3.97305,1
1.5893057847217444,1.5046602176405144,4.1202000000000005,1
1.1111169372302807,1.1318149772997352,2.69775,1
1.3625839274151152,1.329353337690924,3.59046,1
1.062888337150239,1.1641030068984446,3.49236,1
1.825393844366196,1.919427885707093,5.218920000000001,1
1.7516550962732362,1.8059852090424215,3.77685,1
7.5885660657729,2.43349436597663,6.729660000000001,-1
1.1610595374269144,1.1976787370033752,2.85471,1
1.5140806247026608,1.0605270936850222,2.54079,1
0.8622389177020485,0.9144688155207916,2.58984,1
1.7357140286349015,1.7698356550143293,4.10058,1
4.183015135437595,1.0676898026486907,2.77623,-1
1.5122945735371798,1.6086535593190971,4.62051,1
2.4234902975563983,2.2971862878726226,5.7879,1
1.3082350101377045,1.3142825232917008,3.35502,1
1.5982825400253862,1.6270696564775584,4.49298,1
1.9367691309110644,1.864740544684434,4.63032,1
1.115165890305115,1.1393798728080111,3.01167,1
1.1656988170192162,0.9172988239826758,2.07972,1
2.882131698743137,2.265083468793148,6.40593,1
3.006214170588982,2.909764074812596,7.95591,1
2.8429514275045222,2.848418711873309,8.06382,1
2.310183836483582,2.417959040924804,7.33788,1
2.144676310821752,2.3465771537113373,6.6708,1
2.911860180116827,3.189094554294369,8.56413,-1
1.9789228426848784,2.166945879121119,4.68918,1
2.0612364008526534,1.748041805209475,4.8167100000000005,1
4.142970631666365,3.103220524221571,8.1423,-1
1.478714464475816,1.348605644015329,3.25692,1
2.384176487164908,2.160889385709042,6.03315,1
3.170049550440813,2.2155264762737548,4.96386,1
2.749677260898086,3.007610120218377,8.20116,1
1.4879326460562656,1.6261614983635544,4.797090000000001,1
1.634054696728356,1.7607460675179714,5.16006,1
0.5311460506772125,0.4454395392306345,1.23606,-1
0.8540242166062973,0.6399775136596598,1.61865,1
2.1148571737944857,1.7902260013724525,4.83633,1
2.158315190107784,2.088266906970946,5.483790000000001,1
1.7296043614653611,1.7342681685714003,4.14963,1
1.3977844403018658,1.1914324764039297,3.21768,1
1.4043212877578977,1.452455450149849,4.36545,1
2.7123363848350373,1.627273700432721,4.25754,1
2.3667594967169774,2.3785639241441463,6.1803,1
2.332969119159103,2.4981308338976165,7.1711100000000005,1
2.078416218686719,2.2625413328909594,6.65118,1
4.328448740472735,2.973751735838081,7.40655,1
2.250719882437617,2.11659398461774,5.67999,1
1.5226529490169454,1.6237698573843522,3.88476,1
1.4763316676140223,1.5409841606064614,4.16925,1
1.099187043591763,1.2033315648814338,3.18825,1
2.49794719969218,2.447703451505104,6.876810000000001,1
2.439121912082297,2.3381547291229468,6.25878,1
1.572494347032764,1.5722066823767158,4.14963,1
1.573789206453647,1.4632418775274303,3.17844,1
2.387635234515524,2.597740358988943,7.1024400000000005,1
1.6595241945810857,1.0859571042909568,3.05091,1
1.7025414448259402,1.8447991264064496,5.3955,1
2.09672160308659,2.2394040582864894,6.36669,1
1.4126797390243833,1.4367514473248322,4.01229,1
2.320913454795331,2.0916130110395663,5.42493,1
1.851557913852548,1.8428853742948852,4.98348,1
1.241187934520796,0.8466433530359759,2.16801,1
1.6496752993240822,1.6922520128278766,4.83633,1
1.8746770541082536,2.023379187082836,5.67018,1
2.2513611598763976,1.902816343612804,4.26735,1
1.1538119818020611,1.2636521421934124,3.51198,1
5.760256524404968,1.3864333400167494,3.924,-1
5.166789884168892,2.778918071435356,8.122679999999999,-1
1.5951584880663112,1.185034194456008,3.32559,1
3.062708080286138,2.117482686406196,5.7192300000000005,1
1.8406542151773104,1.956151881779633,5.08158,1
1.137797897937063,1.109569835310063,2.75661,1
2.114106211676698,1.7148981812428397,5.02272,1
1.9020693637982813,1.4377680935950694,3.99267,1
4.542451972839118,2.611188470775329,6.92586,1
1.2197384916243317,0.8060075736554837,2.22687,1
1.1694696811589431,0.833878852442008,2.41326,1
1.5790392887923972,1.727872146285714,5.0031,1
2.033937371380938,1.732798887049504,4.904999999999999,1
2.863570758816691,3.013177337773202,7.96572,1
2.1812272670448625,2.3890898391479545,6.39612,1
0.8816456089041673,0.9345726360856068,2.68794,1
1.5861842765107717,1.4770018444775213,3.54141,1
0.9207039083494758,0.992225449356143,2.57022,1
2.294474207710777,0.8777273307069798,2.38383,1
3.2411894589563874,3.1998975932285707,9.58437,-1
1.460356153152374,1.5991132524339855,4.35564,1
1.0671879338242165,1.1237139828799854,2.89395,1
3.1386992413100048,1.3647069885510223,3.37464,1
1.65734813630088,1.7166322759636088,4.68918,1
1.6413608567588056,1.2675441235870253,2.98224,1
1.6583881648003882,1.8163544602059367,5.53284,1
2.178335479534776,2.3797827989545604,5.67999,1
5.883442031672447,4.274762703171954,10.56537,-1
1.3465512984843913,1.4715359695603774,3.24711,1
1.0118576322289614,0.8635400744609367,2.61927,1
2.1239235269072188,2.2731310390186485,4.77747,1
3.633908789595578,3.931649249467709,12.14478,-1
2.0742989251793,1.7338648878156566,4.59108,1
0.7308834050311993,0.7272225629544232,1.95219,1
1.298661469802658,1.4128273313289208,3.79647,1
2.0434726851856864,1.6831131860335478,4.6793700000000005,1
1.0852804374446263,1.1783711674171258,3.15882,1
1.1602856726901354,1.2442145891886978,3.2373000000000003,1
2.487368655758531,2.4610036076263686,6.83757,1
1.056576925429474,0.5988574474697631,1.58922,1
1.0378219650787894,1.1226801046780868,2.76642,1
2.5807106421584733,2.766450728552743,8.19135,1
2.279972179271054,1.767928758505274,4.65975,1
2.8386660750870294,2.687902406671418,6.31764,1
0.8333208615233392,0.7662713179220529,1.92276,1
1.3356799246638396,1.3946827928063068,3.88476,1
1.574823308946118,1.4566974670672013,3.56103,1
1.936297027976338,0.5809116115124572,1.6480800000000002,-1
2.750003899324508,2.8903796178772088,7.74009,1
1.6819024948254284,1.7844674931754851,4.19868,1
1.6926633128002746,1.782060597757551,4.944240000000001,1
1.3531341394148622,1.4471983403908395,4.071149999999999,1
1.5100019463398051,1.491787833999862,4.27716,1
1.0754597007094222,1.1294955844933614,2.92338,1
1.971647306720956,2.1412123799006952,6.52365,1
1.2334555299036931,1.2539531211452843,3.48255,1
1.3186819819804925,1.0950643649576035,2.83509,1
1.8201405723597288,1.830744187020677,4.806900000000001,1
2.1089446644234173,1.7186007566738704,4.345829999999999,1
0.8759328436586905,0.780027639664134,2.24649,1
2.125463526610137,2.1393696042315837,5.630940000000001,1
5.1359043062054806,3.629832565146773,9.48627,-1
1.900276595906501,1.9185352233592168,5.33664,1
1.0916095591144297,0.8255743037607215,2.00124,1
1.9179239949226352,2.0997586405013315,4.40469,1
1.8389934604288287,1.8814546801663867,4.45374,1
1.8149118638104715,1.987671591324885,5.73885,1
4.16065643179655,1.6179869460134713,3.44331,1
1.5764113459373477,1.4183464326179271,3.96324,1
2.294676921082792,2.0097216222526937,4.45374,1
2.215344756849371,0.8061886410512121,2.3249700000000004,1
1.9105043212330088,2.084059790435486,5.48379,1
1.6055616751311674,1.664643596314238,5.02272,1
1.447869816540838,1.5812399367932748,3.83571,1
2.870935230774111,3.124072501028105,8.98596,-1
1.5734681399062391,1.6663837864789732,3.56103,1
1.626025378860982,1.5500131135703337,4.44393,1
2.2709920463202864,2.443432531720489,7.161300000000001,1
1.3172824750599244,1.3582888826902766,3.39426,1
1.519906412184645,1.1867856730176685,3.34521,1
1.2901797328279498,1.0754313638349962,2.8449,1
2.3177772917603625,2.093608147089612,5.0031,1
1.3246648514624368,1.2137947528804034,3.64932,1
1.635575418744119,1.6390706606366914,3.79647,1
2.2705611803582832,2.4828287641458484,5.74866,1
2.161345083379792,2.34065380256671,5.23854,1
0.6263181164152926,0.6157185107417186,1.62846,1
1.1835593232280333,1.2907912360409022,3.46293,1
7.162575410398832,2.175633747235504,5.96448,-1
3.3018653970218104,1.6504228080192058,4.6107000000000005,1
1.861600976874475,2.019046399793724,5.82714,1
2.1744922210369024,2.266601862204741,6.16068,1
1.282523848199323,0.9946327344904752,2.9920500000000003,1
1.506721473597559,1.543804368007812,4.40469,1
2.185814616716157,2.0541001558711787,5.67018,1
0.6180689273454862,0.6438155840844488,1.94238,1
1.206290988961619,0.878779267046054,2.20725,1
1.767701934051666,1.7215445990243765,4.48317,1
0.7238158111011392,0.7290882813212678,1.63827,1
1.915308814930376,2.0682348031667,5.7879000000000005,1
1.1867262057441894,1.2052600760001968,3.00186,1
2.1262557387224144,2.3206964457830326,5.43474,1
1.0786539987410235,0.8328222018654401,2.5506,1
1.203262251464742,0.7320652933174744,1.77561,1
1.9820084767729929,1.4856715194416297,4.2183,1
1.729850089675403,1.7107741851425042,4.60089,1
2.6194108389101545,2.383524511289951,6.80814,1
0.8032527201634614,0.8735509850432315,2.42307,1
1.797948474525897,1.5292370976503284,4.60089,1
1.8053109986786209,1.5367159645132862,4.23792,1
1.007648258272697,1.0688068908647623,2.93319,1
1.3434388183873505,1.4194146822088325,3.31578,1
2.012875586021153,2.064784787545666,6.1999200000000005,1
1.4810717689227622,1.3976777202345323,3.76704,1
2.4306407335824023,2.249925157455243,6.474600000000001,1
2.297638688077392,2.259610933782628,5.55246,1
1.4620740099598242,1.5903297976834867,3.66894,1
1.6240562896802562,1.682378295517985,4.07115,1
7.363611271933765,2.505357613976496,7.09263,-1
1.310825498226213,1.2485474929853488,2.88414,1
1.5479867088092196,1.6497462737372677,5.01291,1
1.72649961542133,1.8872436083849908,5.23854,1
3.1491831728084665,2.584153370440694,8.142299999999999,1
1.3858976017368672,1.320743244207594,3.47274,1
1.9943635904844432,1.995146760624391,4.86576,1
1.7379211715437497,1.8432221647104832,4.74804,1
1.5927635955941484,1.725349118001919,5.11101,1
1.7354321619844435,1.2136110613330782,3.12939,1
1.8368204460970048,1.901122993012288,5.31702,1
5.805408201345535,4.423548263693977,11.35017,-1
2.420742151045832,2.6407437670985803,7.21035,1
1.84076313620194,2.00534892885004,4.8167100000000005,1
1.1975903463413524,1.2655343596876378,3.46293,1
1.454837663108843,1.0728331298575748,2.93319,1
1.600929684449008,1.6399129875179357,4.15944,1
1.6777394579910196,1.8004561797944432,5.30721,1
1.6629999652435354,1.790336198595113,4.75785,1
0.976082675801594,1.066066140105763,2.99205,1
1.273053039763073,1.2689062145131136,3.2274900000000004,1
1.6683250299327168,1.819452213354338,4.71861,1
2.934830009745028,2.6601637918819963,7.05339,1
1.7100099118133791,1.7702416138821278,5.26797,1
2.5560494189764795,2.580335223390558,6.28821,1
3.020580085140932,3.2051283283871803,7.62237,1
1.2523480989924487,1.2817845255853264,3.3059700000000003,1
2.457041095810162,2.4708246368125764,6.150869999999999,1
1.5576908516454733,1.575426137094342,4.14963,1
2.148942394737467,2.3007883592368943,7.07301,1
1.2640760123703003,1.3192085420091852,2.86452,1
2.643044128065213,1.9941263273423775,5.26797,1
1.2234870072052255,1.3192462322402136,3.66894,1
2.001644701726557,2.146859722122058,5.86638,1
1.5318998983288694,1.6652013870640394,4.78728,1
1.2799951264750973,1.185568703483691,2.95281,1
1.1039991699045792,1.2071390023978184,2.943,1
1.090683488208197,1.174298386488715,3.36483,1
1.235196781913716,1.2723901533845663,3.12939,1
2.4236855291064474,2.53086339266267,7.09263,1
2.026376548127223,2.089724962735527,5.5917,1
1.3930775692329556,1.44252594832814,4.00248,1
1.1471269993771396,1.037321108104911,2.80566,1
1.7024331018574563,1.862939405101519,5.0913900000000005,1
2.2807599506852974,2.1279282229694685,6.03315,1
3.1804427486593747,3.125014982524084,8.80938,-1
1.658949025663537,1.8170325173947768,4.767659999999999,1
1.848822835887744,1.7635495325847812,4.97367,1
1.6492085421801574,0.7246131116671849,2.22687,1
1.8375974410898597,2.012362357161354,5.464169999999999,1
1.4629020310499263,1.5671384166403426,4.1202,1
1.5320935854085416,1.603320382241179,3.8259,1
1.751650517925879,1.5507052322314514,4.73823,1
2.2428672317370903,2.422157670350962,5.85657,1
1.5451398795901945,1.538496600477232,3.84552,1
1.2949881232080855,1.4040768479930148,3.99267,1
1.886612890301028,0.8451359124957357,2.07972,1
0.9260712743358364,1.013762760960374,2.27592,1
0.97442159320286,0.8912246874273625,2.17782,1
1.73158773644306,1.8862226235309556,4.394880000000001,1
1.574634877820887,1.5962460704383896,4.72842,1
2.034252781416312,2.169582285077014,5.82714,1
4.860303094298749,2.192149808446038,6.611940000000001,1
0.962247159933455,0.9951744172957824,2.58003,1
1.563923438295494,1.647162003261974,3.63951,1
4.436463363085511,3.192198720863098,7.77933,-1
3.3177312675757813,3.5863053216297693,10.51632,-1
3.1543891906358037,3.43608886399639,9.9081,-1
0.8736317701125573,0.9566384860280291,2.38383,1
1.235534352517161,1.2875178092244006,3.20787,1
0.8712233697795302,0.9302739085828432,2.21706,1
3.609093533700672,3.9441796020871056,12.10554,-1
0.9121014229788263,0.9957544647351576,3.00186,1
1.1638880457114422,0.9496245525416872,2.61927,1
5.358162670305,2.8753805605710703,7.73028,-1
3.215675503685034,2.11694253958864,5.77809,1
1.8363139128700192,1.788561467045514,4.08096,1
1.8857072456508197,1.873335025306472,5.052149999999999,1
1.5077962553674154,1.5049661222898008,3.95343,1
1.072726976331816,1.1077179902077965,3.0999600000000003,1
1.4808497463787471,1.473335505222758,3.98286,1
2.7885863275771112,2.7320201275960616,7.96572,1
0.9772076447459874,1.0700442339968943,2.6487,1
1.2871490121776887,1.132473753510429,3.08034,1
1.9690749688368905,1.7753552469182048,4.03191,1
0.9759265558175984,1.0274166195219931,2.77623,1
5.820249107400817,2.77100579489109,7.494840000000001,-1
2.6043594700616883,1.8300177469303407,5.13063,1
1.4107710031929348,1.398665430226257,3.28635,1
1.5339716037463014,1.5822002372013473,3.86514,1
0.9216963560468274,0.6754643900532433,1.53036,1
1.828795555358772,2.003024880514468,6.1803,1
2.006978317147448,2.192877701405165,5.99391,1
2.809284957199963,1.9679008339420967,4.85595,1
2.581304115055024,2.5146661440835443,6.611940000000001,1
1.4420922447263904,1.4186720796153,4.06134,1
2.1017987003992555,2.262600880429423,6.35688,1
1.0041722241727262,1.0915610701376264,2.54079,1
2.5295473852450363,2.3129475360586977,6.042960000000001,1
1.8128957856975672,1.9067336071827128,4.71861,1
1.261097026362365,1.3693298260097893,3.57084,1
1.6496509923162537,1.7095624424132625,4.914809999999999,1
1.0170278279378593,1.0473968751528715,2.69775,1
1.342387773018661,1.0132816701342229,2.90376,1
1.2807780613947133,1.3903611632629846,3.47274,1
2.0254700451129857,1.7727342264507675,5.12082,1
1.4535471846830428,1.5762078408636344,4.2183,1
1.2050271671418864,1.209687431326787,3.58065,1
1.5030977483184518,0.6690966575914126,1.7559900000000002,1
1.1992231815012584,0.9493069636476918,2.31516,1
1.2401472305536951,1.3305882741517003,4.09077,1
1.4407458206082016,0.5095537241547745,1.31454,-1
1.8331799073331565,2.007380263953494,5.26797,1
1.9264102595760848,2.108220506816116,5.73885,1
0.5197603024952945,0.5614000531082981,1.3734,-1
2.1101041678907704,2.2849657026900863,6.41574,1
2.711298370273917,2.919409960322462,7.63218,1
1.6179512582738704,1.2364401439252932,3.64932,1
1.7337168713489524,1.833730166322188,5.22873,1
1.4502883167149905,1.5789854522572395,4.77747,1
1.6979425800362036,1.7179846817244908,3.924,1
4.147377881764574,3.098795102330904,8.6328,-1
1.7323239724860937,1.8976447027908043,5.07177,1
1.06901996590335,0.8914406249885631,2.49174,1
1.827470738370385,2.0017785157804044,5.55246,1
1.1127613490771504,1.2176208462078826,3.42369,1
1.2900243250613532,1.312098654625482,3.87495,1
1.6175249271804129,1.77114834200583,3.80628,1
1.377446503099122,1.437567276463957,3.98286,1
1.1688935065907415,1.2358796177905031,3.49236,1
1.9863211191672911,1.823317223664056,4.75785,1
1.9902456823216572,2.097548375680523,4.85595,1
1.2858711104928051,1.408050001342282,3.94362,1
1.190800929962687,1.2930755955627653,3.19806,1
3.073803478721436,2.495781737788783,6.97491,1
1.3853767072533016,1.3359332774206951,3.47274,1
1.9124678238469792,1.3822112458050686,4.071149999999999,1
0.9221486967675008,0.8917158695402926,2.66832,1
1.7604463425648622,1.9141461106691933,4.87557,1
1.2973454557672754,0.5485184983571657,1.43226,-1
1.6868303795432429,1.8421262823568856,4.25754,1
1.2906209888460674,1.4106140993872138,3.2373000000000003,1
1.8476208968698096,2.023928454424712,4.905,1
1.5140541408252215,1.582622909094267,4.64013,1
1.808799251174657,1.609829668166791,3.71799,1
2.264874565831406,1.9548690687383643,5.12082,1
2.296235119113459,2.396319498203443,5.85657,1
0.977839358432662,0.7832042526697617,2.14839,1
1.2775806722277854,1.3347285222508734,3.57084,1
2.0930541759710857,2.1403769950151306,5.748659999999999,1
3.205886887017382,2.493056020579963,7.15149,1
1.8171993442382703,1.7418832979737764,4.42431,1
1.6722141845469438,1.0187611397182366,2.82528,1
1.2561844494539804,1.37448451109134,4.04172,1
3.023642416134884,3.3068911965817684,8.72109,-1
1.4077321515650625,1.1347828189702205,2.81547,1
2.4808473033723786,1.9669845058744109,4.98348,1
1.3309522651282426,1.43268212615011,3.39426,1
3.292162531361415,2.184790735974501,6.53346,1
1.5980968749734792,1.6904843700076022,4.29678,1
1.469771334612973,1.390679523265515,3.64932,1
2.915353090742183,1.8127613007674237,4.345829999999999,1
2.159689565504728,2.336590850275247,6.28821,1
1.2523416952653137,0.9473568689358832,2.6094600000000003,1
1.8360300185045997,1.9376716039489248,5.38569,1
1.3335467340517166,1.421491228604665,3.01167,1
1.5647846917867008,1.623552530209602,4.57146,1
2.005859154452276,2.042739450962848,5.64075,1
1.293290167499158,1.397761490437478,3.86514,1
1.209199398507128,1.315833941525297,3.5316,1
0.8197173229534678,0.8772667119126315,1.98162,1
1.6637761928065924,1.816792401082193,4.96386,1
2.2168501891873524,2.224406774229929,6.31764,1
2.145424048574081,2.216666407540837,6.710039999999999,1
1.958547111662112,2.07334916659978,5.886,1
1.468635962806985,1.604056495398463,4.483169999999999,1
1.7515864198063424,1.9056607815951925,5.05215,1
1.5607203357584598,1.6126567865823154,4.13001,1
3.1989651403149115,3.421413829326993,8.47584,-1
1.3502803678866104,1.2162606641999074,3.76704,1
1.9113730423180089,1.9825489802675744,5.17968,1
3.1013825375306414,2.674141942739764,7.88724,1
1.942466702610369,2.1229143727032422,6.16068,1
1.569318959214474,1.710301595061526,4.76766,1
1.7227097410184922,1.6473518748706968,4.91481,1
2.0061629889169024,1.957246200926189,5.03253,1
0.7017064953739561,0.7453211656930185,1.83447,1
1.4016060744731382,1.4903926778805645,3.56103,1
1.201868471027508,0.8065566197794175,2.1582,1
2.3056456725286303,2.107728211480313,4.89519,1
5.38945603299628,2.122106552649984,6.062579999999999,-1
1.408364362798207,1.5327686813736765,4.11039,1
1.7585548028992444,1.2031396102531078,3.19806,1
2.250317209339608,1.7143593669094002,4.30659,1
1.1682895903627664,1.2560542059600772,3.35502,1
1.9504309662995,2.1357220904040863,5.77809,1
1.9662464047011,1.858363756943188,5.23854,1
1.95022536820748,2.0164518037483563,5.2974,1
1.4533595839295932,1.5086321398936189,3.90438,1
1.7949306717670184,1.9655618843145084,5.38569,1
2.644369765908316,1.3153511489902612,3.52179,1
2.441649025177452,2.6736842605494764,7.33788,1
1.9468175068557405,1.942062883204352,5.12082,1
1.7675522139671007,1.771802962916588,4.74804,1
1.52914899200503,1.674500238563733,4.42431,1
2.8446942080740416,2.424554284257212,6.93567,1
0.7222740883833505,0.7771208490768987,2.27592,1
2.1776837457376588,1.7634303850478477,4.8167100000000005,1
2.168058087701988,2.290274711494235,6.41574,1
2.0290817702103583,1.9925427777691496,5.6898,1
1.6299022980381368,1.7570994400289357,4.78728,1
4.838611165871877,3.188639357763747,8.18154,-1
2.402064855962469,2.616644723677634,6.68061,1
1.8690646079523308,1.7929395388467508,4.59108,1
