Signal,Window_Start,Window_Size,RMS,STD,Peak_to_Peak,Crest_Factor
Crack1_30,0,100,1.2164589869485942,1.1883991911283684,5.63094,3.278350515463918
Crack1_30,100,100,1.2086349976117685,0.9647132053666312,4.35564,3.4340091021928014
Crack1_30,200,100,2.159630448224418,1.6046204855195014,6.38631,2.4729773992793973
Crack1_30,300,100,1.502085916659563,1.3410743304412733,5.28759,3.338672961807605
Crack1_30,400,100,0.9418657581242669,0.8207987722387198,3.55122,3.040748491936477
Crack1_30,500,100,1.1617678623429897,0.803350208005668,3.4335,2.480897092388608
Crack1_30,600,100,1.130197153041893,1.1110441345419901,4.904999999999999,3.593783725447873
Crack1_30,700,100,1.8839325368534299,1.8825447024692161,6.69042,2.1539362013462098
Crack1_30,800,100,1.398364487757752,1.3588186644143654,6.39612,3.508923929994802
Crack1_30,900,100,0.8880564472650373,0.8763180862607539,3.2961599999999995,2.739011347332724
Crack1_30,1000,100,0.9388513394973668,0.9232401301238805,3.55122,2.445255474452555
Crack1_30,1100,100,1.2970827110192316,1.078666716790738,4.76766,3.039720306885501
Crack1_30,1200,100,1.0958332062576859,1.0354456208242468,4.60089,3.4180446121407173
Crack1_30,1300,100,1.007264889343414,0.9527534221378372,4.48317,3.5956416464891037
Crack1_30,1400,100,1.031508788438082,0.9895922823535509,4.914809999999999,2.9525483304042175
Crack1_30,1500,100,1.5453035716644805,1.5318639986177984,6.11163,2.5405525516628393
Crack1_30,1600,100,1.7390020178841084,1.7088078929283392,6.93567,2.3817399933840555
Crack1_30,1700,100,0.8686183054293757,0.8631608169944868,3.69837,2.8717382300151875
Crack1_30,1800,100,1.8546087155351663,1.4937569294998267,5.6898,2.8142960956596426
Crack1_30,1900,100,3.253259433392455,1.3771146307213318,5.22873,1.774005658179398
Crack1_30,2000,100,3.691706207136207,1.3548912159867448,6.53346,2.096783408558533
Crack1_30,2100,100,2.524326309875171,1.302533942513576,5.50341,2.1405779117177803
Crack1_30,2200,100,3.5552880070171526,3.2529050639340276,11.90934,1.9568715803025427
Crack1_30,2300,100,6.863535635551986,1.9008459495787027,7.07301,1.5782114595109182
Crack1_30,2400,100,7.2236636924171655,2.2998544082059285,7.75971,1.5787060913414706
Crack1_30,2500,100,2.534668799653517,2.0996928805078396,8.54451,3.1048447577621126
Crack1_30,2600,100,2.1118464825945567,0.5747142681583172,3.01167,1.6413227130098964
Crack1_30,2700,100,3.4928854568184744,1.1843696489931848,4.98348,1.564365894435156
Crack1_30,2800,100,1.9003286732902285,1.4334918045136187,5.7879000000000005,3.084277388514177
Crack1_30,2900,100,1.6853043239415246,1.5029791348630759,6.13125,2.8390723822909347
Crack1_30,3000,100,1.685364852139738,1.656093785350383,5.94486,2.0000000000000004
Crack1_30,3100,100,1.4746910030948857,1.3271994319236693,5.1012,2.866649603276171
Crack1_30,3200,100,0.7202183722469179,0.6164754488933358,3.2078699999999998,4.090752836026125
Crack1_30,3300,100,1.6509778255851895,1.35548407610232,5.1012,2.738321862644604
Crack1_30,3400,100,1.2978515067518317,1.0735808886771596,4.92462,2.957589285714285
Crack1_30,3500,100,1.4522458403948004,1.432710114203149,6.12144,2.612788055826031
Crack1_30,3600,100,1.2523032722148417,1.0950103046702528,5.41512,3.7749003984063743
Crack1_30,3700,100,1.6435360269060124,1.044887852664275,4.60089,2.68243438130949
Crack1_30,3800,100,1.8542088580950098,1.0315781240235955,5.04234,2.804726368159204
Crack1_30,3900,100,1.1505729083521825,1.1503813691947729,4.84614,2.6822968408503876
Crack1_30,4000,100,2.2872548831964488,0.9169333059988606,4.38507,2.214419475655431
Crack1_30,4100,100,1.225592946367594,1.047129785277336,4.806900000000001,2.3619118467546953
Crack1_30,4200,100,1.10897960616776,1.007598829703945,4.71861,3.342275877487145
Crack1_30,4300,100,1.6626529080881554,1.2298022120959289,4.87557,2.8154631655725737
Crack1_30,4400,100,1.62807819259027,1.6280689240775525,6.49422,2.4163568773234205
Crack1_30,4500,100,1.7431831739016985,1.5136254740332695,5.846760000000001,2.8618830360846133
Crack1_30,4600,100,1.5988088083210574,1.5684098747747381,6.1999200000000005,2.805292458968982
Crack1_30,4700,100,1.1734703793833061,1.1723092675115045,4.385070000000001,2.4570024570024573
Crack1_50,0,100,1.9594320234435285,1.7997412097236536,8.48565,3.4533572526909277
Crack1_50,100,100,1.6867298709310272,1.6490282461797767,8.25021,3.30688811448061
Crack1_50,200,100,2.232017326184768,2.1495101510844257,9.35874,2.5509935171032514
Crack1_50,300,100,2.126965460960756,2.126887193461007,7.97553,2.2135838462369075
Crack1_50,400,100,2.1810301880854377,1.6509714602650647,6.4157399999999996,3.008962868117798
Crack1_50,500,100,1.8158121854778924,1.519104394758306,7.2495899999999995,2.841054517532633
Crack1_50,600,100,2.964076524411946,2.0410668648843915,9.7119,2.948748893716309
Crack1_50,700,100,1.7238352963641856,1.7225173680990593,10.604610000000001,4.390966308774528
Crack1_50,800,100,1.9775789675193758,1.7716481148524135,9.18216,3.404726254801119
Crack1_50,900,100,3.0435140423436526,2.981700173640366,11.575800000000001,2.468676804104547
Crack1_50,1000,100,1.3706665963559481,1.3496738468087168,6.36669,3.404292751583392
Crack1_50,1100,100,3.7506806632403404,1.6531719878185058,6.65118,2.127101605524637
Crack1_50,1200,100,5.950190138726829,1.715100567050807,8.26983,1.8405647382920112
Crack1_50,1300,100,4.671810399329579,3.985470267032306,13.547609999999999,2.088393580035243
Crack1_50,1400,100,11.53985088572777,2.076203482982446,8.475839999999998,1.3118550910002245
Crack1_50,1500,100,5.750585015745964,3.0884452306719896,13.8321,2.2424986145198313
Crack1_50,1600,100,4.282700411618819,3.4040303300512704,14.30298,3.1927357937902756
Crack1_50,1700,100,4.449176660419768,2.3857203520409427,10.95777,2.6494146642020953
Crack1_50,1800,100,2.1193539529618457,1.896127846537092,9.07425,3.2235581111691936
Crack1_50,1900,100,3.6118428371219307,2.3481834424322026,8.78976,2.477740354153466
Crack1_50,2000,100,3.6328040679927955,2.0825057729889034,9.06444,2.2247114098136223
Crack1_50,2100,100,4.131560434631206,2.235836404649911,9.65304,1.7653435193310278
Crack1_50,2200,100,2.6702403738489537,2.4407898617542214,10.4967,2.6298545279804286
Crack1_50,2300,100,1.9950149136660607,1.7870723820746601,8.85843,4.050334250884782
Crack1_50,2400,100,1.995914596028848,1.995914053592677,9.58437,3.2817222873357594
Crack1_50,2500,100,2.471517117558161,1.6582978455711115,6.808140000000001,3.128034755941733
Crack1_50,2600,100,2.0150124468094486,1.9271587050612595,8.672039999999999,2.920169395107768
Crack1_50,2700,100,1.9128999431912272,1.6721094180151579,7.19073,2.3527220808243845
Crack2_30,0,100,1.501847563650519,1.4985561898684048,6.867,3.180443136293026
Crack2_30,100,100,1.4985560903286201,1.2092016707031585,4.75785,2.5730450282879955
Crack2_30,200,100,1.321981856028289,1.2983995250210314,5.31702,3.0174793008279672
Crack2_30,300,100,0.9481018624040352,0.8855615614719059,4.68918,3.4950968066381702
Crack2_30,400,100,1.0197578755067302,1.0196117024213873,4.64994,3.1486453502562846
Crack2_30,500,100,0.7390967542000166,0.7298661821943184,3.52179,3.076667221021121
Crack2_30,600,100,1.5617396758307704,1.2479122666637106,6.0822,2.8854756934088868
Crack2_30,700,100,0.9329067583601268,0.7390061501180082,3.25692,2.535317860746721
Crack2_30,800,100,0.9336007485536846,0.9303785588130242,4.01229,2.970171890798786
Crack2_30,900,100,1.395746170440743,1.036025382337151,4.35564,2.6900882552613714
Crack2_30,1000,100,1.5546513373325865,1.4745921331764928,5.47398,2.3946360153256703
Crack2_30,1100,100,1.4383096022223452,1.3189875741334753,5.37588,2.591178620745675
Crack2_30,1200,100,1.4654629681216789,1.3970814296865446,5.5132200000000005,2.516462841015993
Crack2_30,1300,100,0.9262250612059685,0.8718987824480776,3.8455199999999996,2.806518365235385
Crack2_30,1400,100,1.507257896141201,1.4879402866320142,5.473979999999999,2.4932003626473254
Crack2_30,1500,100,1.1371893157508999,1.077376076148436,4.208489999999999,2.6315789473684212
Crack2_30,1600,100,1.2647346327012636,1.2530825839070783,6.11163,3.3014260597773
Crack2_30,1700,100,1.2173403671927583,1.110968406427163,4.71861,2.295752393345106
Crack2_30,1800,100,1.3316694698989684,0.9935093131572497,4.45374,2.7309653443954716
Crack2_30,1900,100,1.8007619823649654,1.2502519945715702,5.21892,2.548824892419729
Crack2_30,2000,100,2.903018189706017,1.4201014415326112,5.699610000000001,2.206565500154847
Crack2_30,2100,100,3.1202058645765667,2.034853319385493,8.093250000000001,2.2756686798964627
Crack2_30,2200,100,4.482707811405289,2.355545276020557,8.75052,2.3586604249189773
Crack2_30,2300,100,6.359518160903387,1.356042598455314,6.64137,1.471516988758368
Crack2_30,2400,100,2.196653964549492,1.5599623595807528,5.62113,1.9233607162182105
Crack2_30,2500,100,2.7926825015146277,0.7687133526779407,3.68856,1.6259865536392863
Crack2_30,2600,100,2.9625235226012974,1.27851828277501,5.6505600000000005,1.9603540340867527
Crack2_30,2700,100,1.8760441992114685,1.185098652787501,4.57146,2.247400859117226
Crack2_30,2800,100,0.7575791157714157,0.751788445933103,3.44331,2.8497826436966673
Crack2_30,2900,100,1.0725479866705268,1.0475870902845024,4.4145,3.4313137372525495
Crack2_30,3000,100,1.6498002316932192,0.9250776684628972,4.2575400000000005,2.51871545511789
Crack2_30,3100,100,1.6038224960543483,1.1141474016098587,4.29678,2.0258980785296576
Crack2_30,3200,100,1.238407110862579,1.0058014365135646,4.59108,2.12194466827827
Crack2_30,3300,100,1.2040727022626168,1.2026139137014173,5.2974,2.6965626234689846
Crack2_30,3400,100,1.4076707379060631,1.3511581734203995,5.5132200000000005,3.346261387210246
Crack2_30,3500,100,1.9652911923150216,0.9932000337690843,4.11039,2.2376498938550693
Crack2_30,3600,100,1.6768303333644103,0.8640594260902371,3.47274,2.3428454675475043
Crack2_30,3700,100,1.4738776580832618,1.3772293169699046,5.91543,3.244029786869811
Crack2_30,3800,100,1.252864899892243,1.2462160209411688,4.914809999999999,2.652718101998879
Crack2_30,3900,100,1.8876624689051271,1.4859401359394362,5.8663799999999995,2.433697347893915
Crack2_30,4000,100,1.8916610561345286,1.8862162187414147,7.20054,2.470660901791229
Crack2_30,4100,100,1.6327362141053285,1.4952444188990475,6.15087,2.9345699586986447
Crack2_30,4200,100,1.416695790268327,1.2841076411516288,5.57208,3.1643356643356646
Crack2_30,4300,100,2.4217643622051668,1.793658991595925,6.77871,2.306321922095431
Crack2_30,4400,100,1.9444808298065066,1.4027201339879993,5.27778,2.8838107499195362
Crack2_30,4500,100,1.536635594277316,1.3539276253422707,6.05277,3.99705286424756
Crack2_30,4600,100,1.515339875111851,1.5067751244455823,5.7290399999999995,2.487008166295472
Crack2_30,4700,100,1.1503775879453668,1.1495711909682627,5.53284,3.404998362981556
Crack2_50,0,100,2.3876421537075023,2.3210763730705004,9.60399,2.5508039040030184
Crack2_50,100,100,2.292034230671087,2.2075224919000123,8.45622,2.4738535800482704
Crack2_50,200,100,1.4165442983394483,1.414133995107239,7.3575,3.4225156358582343
Crack2_50,300,100,2.770596533461702,2.354137028263852,9.38817,2.5662618562184205
Crack2_50,400,100,3.102802975466538,3.022118289664857,13.85172,3.1108597285067874
Crack2_50,500,100,2.4240587415902284,1.9269295740034091,9.87867,3.323029366306028
Crack2_50,600,100,2.2873070555205306,1.896804786788825,9.093869999999999,2.8261336771975065
Crack2_50,700,100,3.290119270959337,1.653378762014391,7.07301,2.1632819398220464
Crack2_50,800,100,3.128116593578315,1.8031913184848247,9.368549999999999,2.5239944318265075
Crack2_50,900,100,3.0594931897093676,2.0686573721548864,9.37836,2.9508196721311477
Crack2_50,1000,100,2.575841684269629,1.9386520386676382,8.88786,2.841254264217954
Crack2_50,1100,100,2.4398818985625104,2.3103191306831423,8.54451,2.1248339973439574
Crack2_50,1200,100,4.000815560537377,3.987116879183724,16.186500000000002,2.5810779281381238
Crack2_50,1300,100,5.592554695469057,3.0350998717893467,11.27169,2.426748532882234
Crack2_50,1400,100,8.505927821619931,2.402560576947986,8.85843,1.6807732999903817
Crack2_50,1500,100,3.285482505802763,2.012582685448168,9.09387,2.6457529660091708
Crack2_50,1600,100,4.114004765202879,1.6594139825250482,6.50403,1.9283890133944859
Crack2_50,1700,100,5.174948415577686,2.1767610491135585,9.38817,2.099962388733336
Crack2_50,1800,100,2.7753006675996383,2.6271049205779717,10.67328,3.0966340933767644
Crack2_50,1900,100,2.851861656323812,2.3413397669752163,11.2815,3.2334318277754326
Crack2_50,2000,100,1.885889515014334,1.8536947835684574,7.848000000000001,2.706065318818041
Crack2_50,2100,100,2.905004377117357,2.3896144728002024,10.0062,2.841030460973213
Crack2_50,2200,100,3.2863961213181527,2.4295807702932186,9.68247,2.2378625849875293
Crack2_50,2300,100,2.8218161046946344,1.7119881919022804,7.67142,2.385669473336635
Crack2_50,2400,100,1.9861109990823775,1.4191401928426381,5.9350499999999995,2.854881908935963
Crack2_50,2500,100,2.334199159262551,2.314252363830756,9.20178,2.3275350859853723
Crack2_50,2600,100,3.764269060961902,1.7078797958125593,7.68123,1.9676228674397649
Crack2_50,2700,100,3.579503659102893,2.076247440398015,8.15211,2.3368847973734193
Crack2_50,2800,100,2.107008279347046,1.9937504069307448,8.30907,2.796190051801927
Crack2_50,2900,100,3.0367461483606104,1.6817775867595424,8.16192,2.9615458197819016
Crack2_50,3000,100,1.6823111766798673,1.4503218263754427,6.425549999999999,2.2811671087533156
Crack2_50,3100,100,1.684506404755411,1.5163788770075768,6.58251,2.7468607305936072
Crack2_50,3200,100,2.1992271895293127,2.15183386230466,8.19135,2.5362905401759215
Crack2_50,3300,100,1.6388634856146502,1.6388486848586692,6.23916,2.4430316451175087
Crack2_50,3400,100,1.6664588616884608,1.089277874723911,5.3955,2.7654072690705367
Crack2_50,3500,100,1.9545914799489432,1.3700056762175075,6.78852,2.2691012231873784
Crack3_30,0,100,1.6181252285700882,1.4726645584289553,6.35688,2.521906390254328
Crack3_30,100,100,2.1110727961043882,1.2077488580938507,5.41512,2.3997405685871804
Crack3_30,200,100,1.4047334265023381,1.3701238232760535,6.09201,2.583599051590222
Crack3_30,300,100,1.45397272792821,1.2487965047575167,5.71923,2.7261563651248464
Crack3_30,400,100,1.3655791322735567,1.2170732565843807,6.22935,3.529304196763281
Crack3_30,500,100,1.105106405747881,1.0664615686889567,5.1012,3.2106409815388144
Crack3_30,600,100,1.4962125039873178,1.173169545187242,5.90562,3.3205725699067914
Crack3_30,700,100,2.038935519562352,1.5836725698699812,6.78852,2.6426634354624667
Crack3_30,800,100,2.2454129979478163,2.1452210912132554,8.40717,2.2164607798281737
Crack3_30,900,100,2.421217107954799,2.207043106123528,8.946720000000001,3.2618202397489324
Crack3_30,1000,100,1.9072557496193319,1.5897014527388342,7.3182599999999995,3.0563273553927757
Crack3_30,1100,100,1.1049731605604727,0.9592385294256013,4.56165,2.8377085768944634
Crack3_30,1200,100,1.3642077489191298,1.3384220534811095,4.96386,2.167309744684345
Crack3_30,1300,100,1.5791714344671386,1.5707220193124276,6.29802,2.5379593633096165
Crack3_30,1400,100,1.8193747236089108,1.6638398881336238,6.2783999999999995,2.291549909707952
Crack3_30,1500,100,1.3777096383200635,1.18798839155783,4.905,2.5872442839951866
Crack3_30,1600,100,1.3177108820044707,1.034113950561905,4.86576,3.0816640986132517
Crack3_30,1700,100,2.6164516910669304,1.9496479270896347,7.66161,2.564796033355871
Crack3_30,1800,100,1.5592651692508879,0.7221941241625482,3.81609,2.289486621251492
Crack3_30,1900,100,1.3434138655928038,0.6488750993177269,2.9429999999999996,2.3926227465315275
Crack3_30,2000,100,1.291309419781719,1.0951188868614905,4.13982,2.671721274483257
Crack3_30,2100,100,1.5993739148563728,0.8683973522164781,3.70818,2.5400972494375496
Crack3_30,2200,100,3.0678581982774236,2.559709214511125,10.47708,3.0156426382841475
Crack3_30,2300,100,5.8705667034300015,1.9977762340059484,7.651800000000001,1.7024755202502175
Crack3_30,2400,100,5.940986702062377,2.867721169589045,10.604610000000001,2.0205066344993967
Crack3_30,2500,100,2.133341208373616,2.1105105754630347,8.289449999999999,2.6817108370506433
Crack3_30,2600,100,3.208118540371755,1.0317978502859706,4.9540500000000005,1.8214112707896009
Crack3_30,2700,100,2.9014169171675417,1.6282123673163769,6.81795,2.1848081440877056
Crack3_30,2800,100,2.009973722485695,1.7576513760783705,7.1711100000000005,2.658986443241986
Crack3_30,2900,100,1.3575494695295638,1.0397100442630918,5.3955,3.599042709867452
Crack3_30,3000,100,2.307898148124176,2.2083490458785606,9.4176,3.4379263301500678
Crack3_30,3100,100,2.96003448901664,1.379223189451787,6.97491,2.696831223312608
Crack3_30,3200,100,3.0633315843798234,1.3092309236516642,6.258780000000001,2.3697353972583337
Crack3_30,3300,100,1.4504034407250281,1.2598846501012502,4.87557,2.2305400656939884
Crack3_30,3400,100,2.105816757047251,0.865530796242277,4.3360199999999995,2.2159816185856522
Crack3_30,3500,100,1.6045276904936854,0.9142773638259837,4.1986799999999995,2.1761167804284653
Crack3_30,3600,100,1.465265618232749,1.2038443934382674,4.91481,2.321219226260258
Crack3_30,3700,100,1.06957256266604,1.0695594440521947,4.56165,2.603154028947937
Crack3_30,3800,100,1.0811341037660407,0.7810645362849347,3.5217899999999998,2.6053215077605314
Crack3_30,3900,100,0.9964145020788286,0.9963976917710066,4.080959999999999,2.830078353408958
Crack3_30,4000,100,0.8852230039645378,0.7141557104437098,3.47274,3.6931818181818183
Crack3_30,4100,100,1.321765995777997,1.319393035151433,5.26797,2.5493945188017846
Crack3_30,4200,100,0.9347905709890318,0.8496180653267915,3.7278000000000002,2.7478171545968157
Crack3_30,4300,100,1.6755003277761542,1.6123744888024742,6.53346,2.517501346257405
Crack3_30,4400,100,1.740512416395241,1.6851312926683193,6.4844100000000005,2.598862584314244
Crack3_30,4500,100,3.0170836415078055,2.3511161095083413,9.45684,2.9378774805867125
Crack3_30,4600,100,1.8454795085936337,1.7697133280581774,7.00434,2.2374793109789737
Crack3_30,4700,100,1.859508206996678,1.8595080413853982,7.61256,2.821801314263626
Crack3_50,0,100,3.3898686018963917,2.61091040555822,11.43846,2.5232853513971216
Crack3_50,100,100,1.976850339287474,1.9517188930828409,9.87867,3.41798625634897
Crack3_50,200,100,2.6915145139383885,2.055938812252473,9.72171,3.3015309518526736
Crack3_50,300,100,3.3663610698867408,2.858963243893092,11.69352,2.6693545584095104
Crack3_50,400,100,1.9672019686038849,1.8385421674309539,8.44641,3.2134706716832167
Crack3_50,500,100,2.074004531068098,1.9315182486255185,9.04482,2.9971050689674748
Crack3_50,600,100,2.029103350017194,1.9850841635882217,9.28026,3.1205934645331372
Crack3_50,700,100,2.3322544138391077,2.1291261681399343,10.07487,3.475824859929447
Crack3_50,800,100,1.8683816544113783,1.631971182028442,9.10368,4.171386686213101
Crack3_50,900,100,2.8225945987760976,2.2300547971319356,10.09449,2.3885989562424728
Crack3_50,1000,100,3.0256481268235738,1.5299204331502307,7.61256,2.5556411102555643
Crack3_50,1100,100,3.0457026284703175,2.490263186324841,10.8891,2.7044778425993896
Crack3_50,1200,100,3.2341827837520256,2.4101625664078843,10.2024,2.831745555472208
Crack3_50,1300,100,4.643694555481336,3.4046045874742323,13.45932,2.087562997109896
Crack3_50,1400,100,7.962575105054143,2.7832346132280263,11.418840000000001,1.7199663370502842
Crack3_50,1500,100,4.339829134555876,2.9639830230837085,13.11597,2.5215151016828368
Crack3_50,1600,100,2.184375321952251,1.8805742263829313,7.72047,2.9527780908373713
Crack3_50,1700,100,4.18619586399251,2.594585802367723,11.09511,2.4181998457640193
Crack3_50,1800,100,4.666189275121724,3.109732447897875,13.949819999999999,3.2563679181441683
Crack3_50,1900,100,2.1787354076124066,1.724746148073681,9.49608,3.417205032301937
Crack3_50,2000,100,1.556463083098022,1.5137603050220962,6.99453,3.4148628584824565
Crack3_50,2100,100,2.292494574091943,2.2172773090646354,9.62361,3.43633597397828
Crack3_50,2200,100,1.8891586964320919,1.8078464080225922,7.91667,3.176447801665699
Crack3_50,2300,100,2.84384522946749,1.928966068352523,7.76952,2.710576314122862
Crack3_50,2400,100,2.6257208573909754,1.8448426429100233,8.66223,3.197592401015706
Crack3_50,2500,100,2.722797619563746,2.22899650141179,9.05463,2.0758564437194127
Crack3_50,2600,100,3.127421691806687,2.108065828138531,8.99577,2.6445789845113845
Crack3_50,2700,100,3.3883634912981226,3.131731844010665,13.20426,2.472454533386433
Crack4_30,0,100,1.027588485998651,1.0228290592567804,4.60089,3.8598647818070067
Crack4_30,100,100,1.8197830283555783,0.8594696529810637,3.66894,1.8634653287941223
Crack4_30,200,100,1.2230178579701934,0.555666700020831,2.49174,1.9782569951880233
Crack4_30,300,100,1.0898035806524953,0.8941485339178218,3.5316,2.2107590272660285
Crack4_30,400,100,1.069923412393616,0.9280053427722063,4.30659,3.6299470632719935
Crack4_30,500,100,1.4434504137929367,1.3598432019268802,5.38569,3.199639477242001
Crack4_30,600,100,1.7601813760104381,1.7005699371813559,5.94486,2.218841130975022
Crack4_30,700,100,0.8750151567355847,0.7854553960791091,3.64932,3.3584647018505818
Crack4_30,800,100,1.2046408384560106,1.2009846735271188,4.218299999999999,2.146827678742573
Crack4_30,900,100,1.2247634725750112,1.0657484671481163,5.16006,3.962848297213623
Crack4_30,1000,100,1.7502653846554241,1.5892462657551691,6.45498,2.6763665487552566
Crack4_30,1100,100,1.1994156291890647,1.1390155189187678,4.76766,2.8179814051567145
Crack4_30,1200,100,0.846113495216806,0.7696948505702503,3.48255,2.904929577464789
Crack4_30,1300,100,0.7452417524716393,0.6948892916765591,3.10977,3.0917716342221495
Crack4_30,1400,100,1.2415371827138324,1.0032761147863285,4.1202000000000005,2.965065074860554
Crack4_30,1500,100,0.9046665836599692,0.8927961244114974,3.8259,2.6168467647441744
Crack4_30,1600,100,1.0693813460982944,0.9684520788440232,4.45374,3.7604283401817953
Crack4_30,1700,100,0.9967075865468268,0.8091875056297891,3.32559,2.7443260768874476
Crack4_30,1800,100,1.2309623024495917,1.2161307716475067,5.493600000000001,3.146441874142325
Crack4_30,1900,100,1.8296202297293827,1.5573478630332367,6.65118,2.679222760129982
Crack4_30,2000,100,2.103493680556231,1.0475920922964435,4.26735,2.2383252818035424
Crack4_30,2100,100,3.159670644004688,1.0959786221804648,5.356260000000001,2.075540401866993
Crack4_30,2200,100,1.6440403948020863,1.618631791943044,6.98472,3.7864629885431054
Crack4_30,2300,100,4.11159558692243,1.3416912745987284,6.2783999999999995,1.9183199555757484
Crack4_30,2400,100,5.276254306243019,1.2045877278793107,5.26797,1.670995340310137
Crack4_30,2500,100,1.4359109156354373,1.318243880699057,6.00372,3.9586919104991396
Crack4_30,2600,100,1.8290615435985198,1.5261231670148088,6.29802,2.40646738108667
Crack4_30,2700,100,1.7060196415328868,1.386988729465254,5.76828,2.888663086079257
Crack4_30,2800,100,0.7973062035128035,0.7923148756428595,3.94362,3.444881889763779
Crack4_30,2900,100,2.09922080970059,2.0302022792657777,7.64199,2.3796033994334276
Crack4_30,3000,100,2.248879755776862,1.6786606310397434,6.55308,1.8491299606467213
Crack4_30,3100,100,0.9777076346940327,0.8651310520193516,4.32621,4.075691411935954
Crack4_30,3200,100,1.9765200075040983,1.7890823378417886,7.23978,2.693726937269372
Crack4_30,3300,100,2.0428068975194402,1.663598054089614,6.023339999999999,2.4461439663728175
Crack4_30,3400,100,1.4893505685767874,1.47527943891534,6.95529,3.3394556687259978
Crack4_30,3500,100,1.5217760721393931,1.4021809354950452,5.454359999999999,2.408748337520319
Crack4_30,3600,100,1.9739292365302763,0.7275414725421157,3.35502,2.0796578454958565
Crack4_30,3700,100,1.8887699747240267,0.9966297368475165,4.49298,2.5302001322194845
Crack4_30,3800,100,1.6049642697508875,1.2092696356438088,4.79709,2.827665265571265
Crack4_30,3900,100,1.3025315930080161,1.1982342328067748,4.98348,2.391304347826087
Crack4_30,4000,100,1.733917153111705,1.688038426702482,6.337260000000001,2.3515935583855536
Crack4_30,4100,100,2.015385653179063,1.4883619235006518,5.5818900000000005,2.636683234331434
Crack4_30,4200,100,2.0316273156514213,1.1082636699134867,4.98348,2.286000333722676
Crack4_30,4300,100,0.8049892571158946,0.8009599170420452,3.9338100000000003,3.1221443801401154
Crack4_30,4400,100,1.1750684827660045,1.0247387009970688,3.9926699999999995,2.4297423887587812
Crack4_30,4500,100,1.498562191141896,1.4773023064740134,6.15087,2.3755484944772283
Crack4_30,4600,100,1.6404144605452613,1.616038480859834,6.12144,2.282850779510022
Crack4_30,4700,100,2.3073887436216722,2.2594012749509016,7.995150000000001,2.150745979461345
Crack4_50,0,100,2.4479563116083183,2.147985330744554,7.64199,2.4083476964643404
Crack4_50,100,100,2.1330360139744475,2.0978693050758332,8.40717,2.442258813128522
Crack4_50,200,100,2.0718318213433733,2.060051180657265,9.1233,2.6762738033968096
Crack4_50,300,100,1.3081269924602121,1.3080117470135009,5.75847,2.6544704510806207
Crack4_50,400,100,1.2904595439365776,1.285015831782671,5.3955,2.7995211345427755
Crack4_50,500,100,1.9862565996459272,1.9858148494885695,7.60275,2.3246538658765887
Crack4_50,600,100,2.7484528380741775,2.7479037535950925,10.75176,2.529809861424428
Crack4_50,700,100,1.8156921389368297,1.5954766223027996,7.308450000000001,2.8920873031961616
Crack4_50,800,100,2.4366624143649855,2.1834761073395677,8.524890000000001,2.619127276203222
Crack4_50,900,100,2.498590052946061,1.9515319659182502,6.867,2.2336530886510033
Crack4_50,1000,100,2.2550800312718393,2.2409975573254757,9.40779,2.9709195703432014
Crack4_50,1100,100,4.094388219296504,2.0371706483454544,8.22078,2.057254816588658
Crack4_50,1200,100,6.748410161971484,2.7854095947274904,10.55556,1.8449360017874818
Crack4_50,1300,100,4.192772653899803,4.163681499962459,15.55866,2.815256118217394
Crack4_50,1400,100,8.42817778944927,1.9652015399157512,8.004959999999999,1.480621454049266
Crack4_50,1500,100,6.289339578965585,1.9736495442903002,8.66223,1.8612521150592216
Crack4_50,1600,100,3.1943381591431423,3.18582287298441,12.70395,2.5667870036101084
Crack4_50,1700,100,5.5676263281372425,3.0434077575574308,11.595419999999999,2.4146684288921056
Crack4_50,1800,100,4.318312637723328,4.153729078396774,12.93939,1.8573950418297644
Crack4_50,1900,100,4.077137733812533,3.5891720644446456,13.792860000000001,2.902048504826936
Crack4_50,2000,100,2.291687810090633,1.973455109611222,7.51446,2.3021582733812944
Crack4_50,2100,100,2.8986883414021936,2.7786552258149535,10.64385,2.553327730419818
Crack4_50,2200,100,2.3476826254029737,2.1632028731123185,8.77995,2.458156382712965
Crack4_50,2300,100,4.628705848946334,2.519379661511214,11.52675,2.3715900712705826
Crack4_50,2400,100,3.6303409076056483,2.315846803888675,10.31031,3.0314158848863224
Crack4_50,2500,100,1.547269946634394,0.8897112099598611,4.09077,2.659574468085107
Crack4_50,2600,100,2.3878666470963155,0.8489108255944143,4.72842,1.8528989604627895
Crack4_50,2700,100,1.5830440496593896,1.483865269568218,6.60213,2.630405706642889
Crack5_30,0,100,1.0923680577616686,1.0919924112075872,4.50279,2.6217639315489256
Crack5_30,100,100,1.9254526113324628,1.8490821378579454,7.15149,2.31602107579179
Crack5_30,200,100,1.5047769377269842,1.4589434209756422,6.05277,2.669420831016128
Crack5_30,300,100,1.6252348714127445,1.6244155149885882,6.77871,2.7988215488215484
Crack5_30,400,100,1.145775663499186,1.0343112219302033,5.179679999999999,3.3413637791976534
Crack5_30,500,100,1.18404993193995,1.1822837605044696,4.91481,2.6464466250371697
Crack5_30,600,100,1.2482950355524929,1.2352471961525555,6.17049,3.628992386037774
Crack5_30,700,100,1.6575355831230292,1.3429975667038678,6.1999200000000005,2.8914114371385735
Crack5_30,800,100,1.3799420534344913,1.379704497673393,6.11163,2.7947452096058907
Crack5_30,900,100,1.4967266525077318,1.4177361599100835,6.68061,3.1076754899664247
Crack5_30,1000,100,1.5786880993061927,1.0293897108400638,4.03191,2.4339099827754063
Crack5_30,1100,100,1.0710224465588944,1.0636708048646017,4.86576,2.8970331588132634
Crack5_30,1200,100,1.6605597693145526,1.206564997029584,5.9841,2.9077914798206286
Crack5_30,1300,100,2.7367378819364485,2.0873707672711044,8.50527,2.655949676742967
Crack5_30,1400,100,2.506512016376941,2.169301783026511,7.61256,2.4941724941724943
Crack5_30,1500,100,1.8065838815936557,1.8014006705427974,8.01477,3.3238942826321476
Crack5_30,1600,100,0.8463284346197993,0.823458996462459,4.03191,3.137624562348505
Crack5_30,1700,100,1.4182328908793507,1.3047729420151384,5.70942,2.7061635649649993
Crack5_30,1800,100,1.3767051462259448,1.1988618701666136,4.68918,2.75929376275397
Crack5_30,1900,100,1.2359151772302177,1.1482612333402187,5.4936,2.9621967274779015
Crack5_30,2000,100,1.009684450675061,0.982155579940831,4.42431,3.440453686200378
Crack5_30,2100,100,1.9597136736173986,1.4209718155037805,6.68061,2.655682931044415
Crack5_30,2200,100,1.6449296139409733,1.6383169815898144,6.35688,2.6659103800340334
Crack5_30,2300,100,2.997915455426987,2.538949105882786,11.26188,3.7748798901853116
Crack5_30,2400,100,3.3618121431701087,2.050322001941636,8.5347,2.9897057749872227
Crack5_30,2500,100,2.759320905099296,2.2468117278267354,8.59356,2.7398490837226017
Crack5_30,2600,100,1.1133783857853536,1.1099498044745086,5.34645,3.373413493653974
Crack5_30,2700,100,1.7189880240682307,0.9295273954295269,4.59108,2.3751129469472056
Crack5_30,2800,100,1.6343869235572706,1.4228852639951368,6.63156,2.745181708271104
Crack5_30,2900,100,1.9930419569627729,1.9631065894757116,8.18154,3.0242688238954574
Crack5_30,3000,100,1.8074269435194332,1.8007686625871742,7.61256,2.819087029613345
Crack5_30,3100,100,1.6939021054612333,1.3316366457062379,5.55246,3.391865526039322
Crack5_30,3200,100,1.4307642017991644,1.3539020650186777,5.96448,3.552797265695268
Crack5_30,3300,100,1.625841402149976,1.3984714685257293,5.6898,2.4372912669651106
Crack5_30,3400,100,1.4664581785676671,1.4593311157231454,7.75971,3.714237911995985
Crack5_30,3500,100,1.880244341469746,1.5775348081804692,6.13125,3.084143479718404
Crack5_30,3600,100,2.8111792135139657,2.567727116587888,10.52613,2.997123105328696
Crack5_30,3700,100,1.8355532392690221,1.5957348110850091,6.50403,2.32071406586642
Crack5_30,3800,100,1.4264391061482438,1.3879499014008936,5.601509999999999,2.740175568135204
Crack5_30,3900,100,1.0199701893231978,1.0099750945694452,4.74804,3.533526290400387
Crack5_30,4000,100,1.166556264463056,1.0072906662446348,5.179679999999999,3.9968999114260404
Crack5_30,4100,100,1.0849731387121986,0.9268747315540489,4.42431,3.118771251025912
Crack5_30,4200,100,1.568066438324601,1.2692601086162125,5.26797,2.56777108433735
Crack5_30,4300,100,1.0217551801752707,1.0036319984638344,5.366070000000001,3.4637277461547775
Crack5_30,4400,100,1.624391153868735,1.1710899876870051,4.96386,2.9523880708573134
Crack5_30,4500,100,1.9960324819927155,1.3372068682474076,5.503410000000001,2.7645659928656365
Crack5_30,4600,100,1.7731951520898654,1.5923334146969692,6.78852,3.0387288977159885
Crack5_30,4700,100,2.5015388435045334,2.501527733124428,9.65304,2.3484359139983395
Crack5_50,0,100,0.8437888889917904,0.7659652523051943,4.05153,3.4326614081215308
Crack5_50,100,100,2.2340766836583743,2.1659764675688424,8.829,2.673025732031943
Crack5_50,200,100,2.945161166982717,2.9242056269945773,12.1644,2.71431439469986
Crack5_50,300,100,1.8012265995454322,1.6184044340998327,7.1711100000000005,3.1296171927468093
Crack5_50,400,100,2.106995490507989,1.862257110354666,7.691039999999999,2.581141193915097
Crack5_50,500,100,1.606392217779332,1.473308911634502,6.99453,4.196544980443286
Crack5_50,600,100,2.382135658972637,1.5509394035782924,7.04358,3.1196559050629635
Crack5_50,700,100,3.0408208768679548,2.6605246305634913,8.74071,2.439960101281362
Crack5_50,800,100,3.5901307066209998,2.294729221721541,9.10368,2.2217922672600046
Crack5_50,900,100,4.588400333366738,3.309973572274099,11.92896,2.355761713660291
Crack5_50,1000,100,4.013518580361376,3.464995992216331,12.92958,2.4324324324324325
Crack5_50,1100,100,2.6305000532448197,2.499741803978841,8.36793,2.1180540905447027
Crack5_50,1200,100,2.436144579255714,2.400151759107018,9.50589,2.4452713477987733
Crack5_50,1300,100,7.246025996540241,2.093724587271428,8.61318,1.681444713136198
Crack5_50,1400,100,8.473228479969485,1.6783598585122204,8.25021,1.482365169733765
Crack5_50,1500,100,3.624547816741145,3.39509676782782,13.23369,2.1697188221526393
Crack5_50,1600,100,5.402918929042523,2.556505951188458,11.23245,2.0905497371531037
Crack5_50,1700,100,5.174936792731385,1.576258134499153,6.533460000000001,1.761369290476664
Crack5_50,1800,100,2.153495659898807,2.078653423465035,8.42679,2.475494268150856
Crack5_50,1900,100,3.7400754620431123,3.577960096848274,14.40108,2.8251078706182478
Crack5_50,2000,100,2.5463821743055384,2.4738542415367544,10.77138,3.1439711761512266
Crack5_50,2100,100,1.9293003048304844,1.7073081707514286,6.61194,2.313428453995655
Crack5_50,2200,100,2.1036878828925643,1.4364332857114213,6.51384,3.0681109283729375
Crack5_50,2300,100,3.2612403306076665,2.0784338352125524,8.47584,2.953474228371598
Crack5_50,2400,100,3.2954849094383665,2.3132556694338047,9.82962,2.43280977312391
Crack5_50,2500,100,3.2030836792714297,3.195258016014636,13.46913,2.7625481942626715
Crack5_50,2600,100,4.249360910925312,1.5963172018502587,7.3575,2.1497608609007575
Crack5_50,2700,100,4.431110216786985,1.3844650271491006,6.719849999999999,1.9530157546378295
Crack6_30,0,100,1.7694996717578106,1.674759140268627,7.34769,3.0131205907562473
Crack6_30,100,100,2.1073969316811203,1.8670482383529647,9.01539,2.652489567255474
Crack6_30,200,100,1.6121250896859711,1.173204059161487,6.0037199999999995,3.06314442688342
Crack6_30,300,100,1.4808889547309076,1.1198256412641925,5.16006,3.347243957572596
Crack6_30,400,100,2.4366829517036064,2.320103408009779,8.84862,2.840881212894362
Crack6_30,500,100,1.799306439016434,1.7751724634513797,7.76952,2.6138490330630066
Crack6_30,600,100,1.5550715954283263,1.471119833011288,6.454980000000001,3.064263322884013
Crack6_30,700,100,2.0714634419619866,2.024878321618489,8.16192,3.0086222711429103
Crack6_30,800,100,3.7678557511278217,3.3400825389577946,13.27293,2.8791707988099424
Crack6_30,900,100,2.0300429162197533,1.9238922811603147,7.96572,2.6042867020050706
Crack6_30,1000,100,1.7497773361053688,1.5407531284762137,6.81795,2.389634066935799
Crack6_30,1100,100,2.1923973923260354,1.4674624986323297,7.465409999999999,2.631014896581288
Crack6_30,1200,100,1.730873241937722,1.7287288661570845,7.848000000000001,2.9614518851997746
Crack6_30,1300,100,1.5237099668427716,1.511278816900442,7.1711100000000005,3.094098883572568
Crack6_30,1400,100,2.2885485319776375,1.7782379888571582,8.42679,3.111368055920534
Crack6_30,1500,100,1.8454591711769188,1.4820907579472284,7.78914,3.7394370882959613
Crack6_30,1600,100,1.922283204914146,1.713116957529809,8.691659999999999,2.982891305730459
Crack6_30,1700,100,2.286382713886938,2.2632779285233067,9.54513,2.8361183504522454
Crack6_30,1800,100,2.8912060559228565,1.0476718961897329,4.84614,1.9294477410899558
Crack6_30,1900,100,5.120573710456574,1.6315430091785228,7.22997,1.841259575156133
Crack6_30,2000,100,3.801549550702187,1.6852389510456491,8.37774,1.888751683879659
Crack6_30,2100,100,1.769434951173114,1.7225412353632497,8.18154,3.226028813676157
Crack6_30,2200,100,2.6889927577072426,1.9026122600763928,7.3869299999999996,2.3730876216968007
Crack6_30,2300,100,3.0446924519888707,2.222431638470448,9.368549999999999,3.158198138845425
Crack6_30,2400,100,3.273379303070147,2.3166462450705847,10.19259,3.2224691547245
Crack6_30,2500,100,3.626543652096442,1.7542465579019244,6.93567,2.1250346975912158
Crack6_30,2600,100,2.77935409646468,1.057961536482017,4.59108,1.8397648765220047
Crack6_30,2700,100,1.7220498701019085,1.6127594768914675,7.34769,3.6694554528108023
Crack6_30,2800,100,1.2370795081238717,1.0786706111337419,6.29802,3.9919759277833493
Crack6_30,2900,100,1.4807281072327223,1.4622833351962778,7.28883,3.9302773820497774
Crack6_30,3000,100,1.8802829840585167,1.8496085665455166,8.495460000000001,2.7653394650853196
Crack6_30,3100,100,2.992320808072557,1.7506102525517095,8.09325,2.5588097834553674
Crack6_30,3200,100,2.763615423050754,2.3220338881266653,12.44889,3.356937970598781
Crack6_30,3300,100,2.94836330846675,2.350692618647234,9.78057,2.4473794389677614
Crack6_30,3400,100,2.513583509814225,1.7990742023852266,8.57394,2.674396858051244
Crack6_30,3500,100,2.9194184211291123,2.884698888951261,13.75362,3.3028496774720333
Crack6_30,3600,100,3.2584598355396377,2.16112456219779,10.11411,2.651128401929374
Crack6_30,3700,100,2.9155070787965855,1.7947744446010452,8.72109,2.997928260957875
Crack6_30,3800,100,1.6414343404242526,1.6052480545367562,6.53346,2.7482778415614235
Crack6_30,3900,100,2.5235315008374677,2.0526977415335437,8.30907,2.4720127941512455
Crack6_30,4000,100,2.5987289925124935,2.0339264391806777,9.221400000000001,3.1408260930167726
Crack6_30,4100,100,1.8311523216114491,1.414266743320407,6.3765,3.028900205012896
Crack6_30,4200,100,1.2627005815679344,1.2579455377224564,6.17049,3.3339757178647136
Crack6_30,4300,100,1.812406460397336,1.5224425446271002,7.68123,2.8135682356034715
Crack6_30,4400,100,1.9449125989180078,1.7534422539755223,7.828379999999999,3.488372093023255
Crack6_30,4500,100,3.1641348641484925,2.6492513082245406,9.68247,2.7827300209286103
Crack6_30,4600,100,1.8236766253346564,1.7766599665906921,7.6518,2.688728024819028
Crack6_30,4700,100,1.2417398644096114,1.1798599357284916,5.58189,3.6110011871784726
Crack6_50,0,100,1.9797586252919828,1.7040021506657907,9.56475,3.468854904886237
Crack6_50,100,100,2.7096319251778462,1.631505022579615,8.46603,2.653483753749947
Crack6_50,200,100,1.8358350231613951,1.7933221581099812,7.61256,2.705039525691699
Crack6_50,300,100,2.934705237222131,2.5588859726178717,11.0853,2.7887650325622277
Crack6_50,400,100,2.7508279056694915,2.470912966327758,10.56537,3.2714574526741407
Crack6_50,500,100,2.9734090580660104,2.7434852522769115,10.54575,2.3291745528989147
Crack6_50,600,100,1.9470087189396454,1.8616862179578464,8.77014,3.4315938850545065
Crack6_50,700,100,4.181969402398468,4.1482193408095895,14.70519,2.1603366479937818
Crack6_50,800,100,5.53563836015188,3.462529477334931,12.84129,2.290291157051629
Crack6_50,900,100,6.77051468980291,2.619646241589996,11.00682,1.6720781767132527
Crack6_50,1000,100,5.072267496296307,2.416533362920529,9.07425,1.9261144261144263
Crack6_50,1100,100,3.9737430584403666,3.1445863954009514,10.93815,2.4001667609660227
Crack6_50,1200,100,2.8533092872859047,2.159196385733461,8.269829999999999,2.482752746784771
Crack6_50,1300,100,8.41622575099593,2.6278748709412536,11.65428,1.672331079837552
Crack6_50,1400,100,9.376639192754725,2.324818490582342,9.97677,1.4751938486792373
Crack6_50,1500,100,5.965449788099972,2.7898710380082083,10.987200000000001,2.0930232558139528
Crack6_50,1600,100,1.8839417316920923,1.883941524808716,9.34893,3.6047802520734016
Crack6_50,1700,100,2.7670768789278335,2.38782269923973,11.44827,3.012494014191807
Crack6_50,1800,100,2.0781493441651393,1.4430435441139815,6.160679999999999,2.723735408560311
Crack6_50,1900,100,2.4011058684941404,1.3809440899715346,6.83757,2.3151463076996515
Crack6_50,2000,100,1.9235533952378343,1.5435208094915307,6.7002299999999995,2.344528456714144
Crack6_50,2100,100,4.180096024045261,2.30230203227916,10.13373,2.9663995501194997
Crack6_50,2200,100,2.9686716566467903,2.3772160788589747,9.32931,3.036020583190395
Crack6_50,2300,100,3.591357127674022,3.2775067753223195,14.067540000000001,3.020753009018674
Crack6_50,2400,100,4.343204755260452,3.3933767171402747,11.95839,2.256466703357182
Crack6_50,2500,100,2.7994639400842445,1.7898877592541829,9.05463,2.591526120937885
Crack6_50,2600,100,2.426480843890592,2.25427246244161,10.859670000000001,3.1859692818596934
Crack6_50,2700,100,2.1296631103467987,2.0009768823500584,9.52551,2.8303940779446983
